fixture_id,season,kickoff_utc,home_team_id,away_team_id,condition_id,home_token_id,away_token_id,snapshot_utc,home_price_t24h,fees_enabled
2024_01_BAL_KC,2024,2024-09-06T00:20:00+00:00,KC,BAL,0x67fa536f0656849558b515fc5ea695dddb24a3677315c00517b25390ada9531d,93583096793458720936396063310390151745460209441936203011670936763085362246087,10170814458918954943689021440728335582836461562093893652854356714236622784661,2024-09-05T00:15:02+00:00,0.585,False
2024_01_GB_PHI,2024,2024-09-07T00:15:00+00:00,PHI,GB,0xabb102227925a54804e3bf05e074e8065251bd34d23ded396252118b891216aa,49581381976095807718662547653879616715048108312745540015613978560946514239223,99411723086948165467990211776678201937943574170136715611737975936054217111502,2024-09-06T00:10:02+00:00,0.555,False
2024_01_CAR_NO,2024,2024-09-08T17:00:00+00:00,NO,CAR,0x33b9d78c22e386934619b56f364add2575bd52ee65efce66d81cb2b9ce02d176,74279864874936078948792575948561280021757625787477825079869080712754442877385,14476126757061230618276002859954453512151113280049093525653608837704762266465,2024-09-07T16:55:02+00:00,0.645,False
2024_01_MIN_NYG,2024,2024-09-08T17:00:00+00:00,NYG,MIN,0x9cbf74b70ecf4fa8b5012f32a51eaac13dff8375b953d28168cbf6d5f7147ea4,54898559574569758201288400751448576638995469811862590070337680240875276075473,32532478997038997413119654402100901138675776986703228415477069689483404642916,2024-09-07T16:55:02+00:00,0.46,False
2024_01_NE_CIN,2024,2024-09-08T17:00:00+00:00,CIN,NE,0xb660bc7638057be462e8a0a5d902e4a4067165ecc478128e2722aa430c29dc4d,80264926210385240450932393240521502390884943353915747855989636342728177339354,114502671818791975836397043901580821673670792288280413165555146889123079265871,2024-09-07T16:55:02+00:00,0.775,False
2024_01_TEN_CHI,2024,2024-09-08T17:00:00+00:00,CHI,TEN,0xe9f3b8c276c31b82fafc0664892ec1418973a8a2b42804bd9533571288cff543,91283733601105392451742832389121770922091596286883826016609666464495260540177,57098479077172392038554147808532720596577272928793948392522629791577685422288,2024-09-07T16:55:02+00:00,0.615,False
2024_01_HOU_IND,2024,2024-09-08T17:00:00+00:00,IND,HOU,0x216c3740661ac7f68a60c329fb7ee648553b995b04efa865d7e1c1388c46acb8,114355180014055442077322641854709113469939326670572904757810633851298892251327,108708088633188962894938166570475328406095588011363551135311817640717699142287,2024-09-07T16:55:02+00:00,0.405,False
2024_01_ARI_BUF,2024,2024-09-08T17:00:00+00:00,BUF,ARI,0xf3a8040acb7eaad81bb683dce8abb999921114c8a20003b745db93a8b8c23e3e,27374276598750074799988410888527008308141575622131491431154919493734502070646,3506314857129244501713999710963249664281014589960169179917472783779725806847,2024-09-07T16:55:02+00:00,0.715,False
2024_01_PIT_ATL,2024,2024-09-08T17:00:00+00:00,ATL,PIT,0xbf9e9ec65dde46de974233c8521c11900ed79c5d5a7efa7f5e057a799e6ac075,11179500931655122414645073056402888397017376305719257113340080759524319565861,9445587899651216192142630640468753104048809487405798008134223556419643762068,2024-09-07T16:55:02+00:00,0.645,False
2024_01_JAX_MIA,2024,2024-09-08T17:00:00+00:00,MIA,JAX,0xc56a15f5807c6b385c4455ae939f0c4eaa188cb3864dc42431227d64520cea04,53674873009247784558863159861649480741006737101564838222966943959266767577316,34418626384010570537940196899321491658420493781622909981978183143503237192169,2024-09-07T16:55:02+00:00,0.615,False
2024_01_LV_LAC,2024,2024-09-08T20:05:00+00:00,LAC,LV,0xffc57722ef27e8bd300466527140b98650feb700f47e25b0242a4e8e2f55ded1,101057355976215921530440557336293061108002456316126784531233412173539580454755,91205855683598784841750066365938864489018382421193728417644558051791384062739,2024-09-07T20:00:02+00:00,0.595,False
2024_01_DEN_SEA,2024,2024-09-08T20:05:00+00:00,SEA,DEN,0x8a01543e2814dce9a9ea5a01af633656db4c799058c5c61e3b66fb6a51749e2c,47271507860924671583457492959834005212671722727984746449008463093263446098983,23534038966601983269829882890952004416450029399601940278232938659394816420651,2024-09-07T20:00:02+00:00,0.705,False
2024_01_DAL_CLE,2024,2024-09-08T20:25:00+00:00,CLE,DAL,0xbb7f1a9cc64c8a6a2716984b7bc476f2187eac544bc761322cb25466c3411af1,1476489963999582274555126986199396072098018636742345859007526219808638504506,2479227684142730373365946914893492324470932618177295625230792725013936328939,2024-09-07T20:20:02+00:00,0.565,False
2024_01_WAS_TB,2024,2024-09-08T20:25:00+00:00,TB,WAS,0x4184b911bde81c5dec5a972626640ebcd522eb2e47f5dccbf2d77f229d4f6ed9,12622445984199730142334075459281469800108731482574713288487734954301942809464,94976697928156161959569591660305118499833680442848326032038764458131388108902,2024-09-07T20:20:02+00:00,0.63,False
2024_01_LA_DET,2024,2024-09-09T00:20:00+00:00,DET,LA,0x1d517b0f8156207d3cdbd6a8691de86f2b013b3812c216100203c91f75ff08bb,80969616619271538564849605624625362466377119827018769489761801443495292740650,110587602726686776904101901043524296385076630249090421837460458789224238872780,2024-09-08T00:15:02+00:00,0.665,False
2024_01_NYJ_SF,2024,2024-09-10T00:15:00+00:00,SF,NYJ,0x5906417c5adbafee37c4ecbb89a5ec860930a135d42a9f18ad1163ed7b08539a,89739113260723644594011944005027077239132559546592326789289449299426566223790,106599698976197360025703350333313959737929740925522126533461224117624788643168,2024-09-09T00:10:02+00:00,0.645,False
2024_02_BUF_MIA,2024,2024-09-13T00:15:00+00:00,MIA,BUF,0xca4898518746987457d80d96f7531b918414f8b1b9d361e6d011461d07201be4,13044428917325405452037610189017123896429534771271596356378551637470183968424,112946767940531533506754378893192242330515186839961922757639681066565565830931,2024-09-12T00:10:02+00:00,0.56,False
2024_02_IND_GB,2024,2024-09-15T17:00:00+00:00,GB,IND,0x62a027ebe52693150b0bf6fffe69ed065ef269ae392418576abcd8df3fe521a3,4285891354192796975343171569141871018200682712044056344851335991839278817905,41098712981526026094821856733165698378961919593854703281144780268793633932231,2024-09-14T16:55:02+00:00,0.43,False
2024_02_SEA_NE,2024,2024-09-15T17:00:00+00:00,NE,SEA,0xe65e20750773b7d1d006b90697b0affc8946cbc673c4f921b08f14f8fc70ad3e,249051146183692542830715497213377241156274349876067798810092273222198916148,40162604906895728976137394993568395459971749532343961475081449119224818433998,2024-09-14T16:55:02+00:00,0.38,False
2024_02_CLE_JAX,2024,2024-09-15T17:00:00+00:00,JAX,CLE,0xc72e7716ef254edc034a6c25ab6d8791ee9f858394851c6de00e24cf774d6024,42535660663897228916088359538021002122197121489819965157337106718147566605946,106531637783036297046286865703018529439322738622959373812230669454943244477822,2024-09-14T16:55:02+00:00,0.595,False
2024_02_NO_DAL,2024,2024-09-15T17:00:00+00:00,DAL,NO,0x017df324230a7e4f2792536319803e995afac1e3d8b2da946612d5a5233f7d41,74064957655343289847077609039818146207974732565313911093259498584482757438182,40175331807367275870764709901660319481029957427757631012954850253012692566059,2024-09-14T16:55:02+00:00,0.71,False
2024_02_LAC_CAR,2024,2024-09-15T17:00:00+00:00,CAR,LAC,0x99e65b09100575db283ecae76910312cbd66c1d4fe9e2459a22135bb51a7077e,22033354316291579033388809060347345719765672394244179655868426513015507844812,84031515747041988125959894994621829846039409022773252545825783875789736664437,2024-09-14T16:55:02+00:00,0.315,False
2024_02_TB_DET,2024,2024-09-15T17:00:00+00:00,DET,TB,0xb8af154cab512b8323367dba0620040f1c39281b2f66e36f4f3559814dd015c4,103600844910067274993902652509585787111928426872086391398506048930595549132839,70268028202413514325863316121996671922525575457783676859450538084682159368173,2024-09-14T16:55:02+00:00,0.76,False
2024_02_SF_MIN,2024,2024-09-15T17:00:00+00:00,MIN,SF,0xa84e39e7407fe99b0bd40044ebb384bca68b74bc0ddc47a771e9feeb0b262c02,5879412196002770882280425193209188735618104206038170141499682091270553504657,18467565217511356142772725174072775835538348394919202927422318903980509608302,2024-09-14T16:55:02+00:00,0.325,False
2024_02_NYG_WAS,2024,2024-09-15T17:00:00+00:00,WAS,NYG,0x1de298f909a4d4b4b42c2f428c5d028dbc0c8c606cfd692aa116c69a4ab63346,65455367686987871671311324600569148744447877251627244914729048029379288926857,105731799946491289537923258880808332818080214141900629503015692374582110321348,2024-09-14T16:55:02+00:00,0.53,False
2024_02_NYJ_TEN,2024,2024-09-15T17:00:00+00:00,TEN,NYJ,0xf77eb0eefbb6f4f3160b1a7bae3da902f1297786be7cb74797c2788f3c1dd444,12449374569795498871977806080663330544620145043393621367887337548163398183957,26937896162934748303822263340039389008056650328248657540790109016545045143402,2024-09-14T16:55:02+00:00,0.365,False
2024_02_LV_BAL,2024,2024-09-15T17:00:00+00:00,BAL,LV,0xfec0062eb32622dd29fd82d3e6e90e4907021e166636b915880d3085c0a7751d,42400599501443622997996213115322814244504647478634912191199108681271941328451,35749218629515643696073750396718539409072409473418666341965908642787157454790,2024-09-14T16:55:02+00:00,0.795,False
2024_02_LA_ARI,2024,2024-09-15T20:05:00+00:00,ARI,LA,0x31233564f67d76c00bd9fe2bf0d4fd9490d0988d2633bb5303088ac86a9782b1,84928361248772696000374633724262319799413939799264258264371236294618622040133,42889031942339329668485365159467987645091210804269790051424360981523590218225,2024-09-14T20:00:02+00:00,0.51,False
2024_02_CIN_KC,2024,2024-09-15T20:25:00+00:00,KC,CIN,0x0f57082a94f7dc3c3bd2bea1dc5f55c7b3f4b1886254027ba1ac314d40bf201f,12355987512877429673929504340401012335986334862167202722803591485179314630846,27335719555520127744932237882056010694650709077702892165670032809886805866933,2024-09-14T20:20:02+00:00,0.705,False
2024_02_PIT_DEN,2024,2024-09-15T20:25:00+00:00,DEN,PIT,0x4ba4df57f1b400a5eeb1ac62f2e684bca2f3bc5843b9f2f07125334f4f7747dc,35296130173094475160325086684369881612230103655205220486555711658911392575894,36363190182713363751630319381901733290877944248146011916249122795391922358442,2024-09-14T20:20:02+00:00,0.43,False
2024_02_CHI_HOU,2024,2024-09-16T00:20:00+00:00,HOU,CHI,0x83c0226137dd64d6bfc583aebd16950e4d16ddc6a6da785dcd5c3805dff2d0e6,77256366755125285369836434435184575008231295755176594003330753914116258738262,37946806814826346311728252606795543744960722768880871781587038386141318622855,2024-09-15T00:15:01+00:00,0.72,False
2024_02_ATL_PHI,2024,2024-09-17T00:15:00+00:00,PHI,ATL,0x54eff4c60c8b11048ba974f9bb96234b682c2c565b645b4edecc6234c5ae5cda,74541810964973803044433154422821612306893626839776760913199568079403776568923,93721633167696943846547389545162800613748371877799010944903017246192562902447,2024-09-16T00:10:02+00:00,0.705,False
2024_03_NE_NYJ,2024,2024-09-20T00:15:00+00:00,NYJ,NE,0x5bb5af1799c00bb0457265306e8d86853e502497923a0eb4e6704d3b296b8d96,34413692082042863139763762306907271908856060022517713988312003715279562149329,31489368954819068232816908090208247013618761741675420754244053605021319581405,2024-09-19T00:10:02+00:00,0.705,False
2024_03_DEN_TB,2024,2024-09-22T17:00:00+00:00,TB,DEN,0x103fa51edb3629ddfa0454dfd2521b9dd595c13f0f48434ab5325f897c36a5cf,33204400898491466271041864737209711450178440265984858947504344745678310742352,32434084701880982892337366066667368074525332507627999166548615489232296943884,2024-09-21T16:55:02+00:00,0.715,False
2024_03_GB_TEN,2024,2024-09-22T17:00:00+00:00,TEN,GB,0x34e342f2f3c299d78c0728b9f72ebbcb0eee597345f98e163c3b673b9308a39d,42518522135102778833443573455504226258146980982373982288669794709111768675000,98293236951678192131806615176108050858929868293774867477665550730409114228390,2024-09-21T16:55:02+00:00,0.575,False
2024_03_LAC_PIT,2024,2024-09-22T17:00:00+00:00,PIT,LAC,0x15642633c4a040c162082a2a0ef533aa98fd1e36703b29522002676a646243d4,43296157556608263390149665343968598742766144561999559730325008913065121820404,114341120731667042856871076260291639433712240112438012154180509421709484794515,2024-09-21T16:55:02+00:00,0.585,False
2024_03_HOU_MIN,2024,2024-09-22T17:00:00+00:00,MIN,HOU,0xdf1b68ea6212c051591e189caee9545d1ce132aa9384f41d5b4116222b94d2b3,29070926232220986269472494225672105354295235965055895559699792845169587469911,103838231266507423840295454256105545476708160498436853027434400472521916110203,2024-09-21T16:55:02+00:00,0.465,False
2024_03_CHI_IND,2024,2024-09-22T17:00:00+00:00,IND,CHI,0x18eaf2284aac18152bef60a8d60bc67baa806e9f13676b395f7922bd70b4589d,25419709852736631244083767511939004562811996430131023675819850006992736363743,6014608001029694659842570558656550267046762439242264011711635813422505605604,2024-09-21T16:55:02+00:00,0.515,False
2024_03_PHI_NO,2024,2024-09-22T17:00:00+00:00,NO,PHI,0x105d010dd18eefdfa9a45230586dc7a436b90130c1482f61e118789d38e794cf,97708467162825368939450855855786489626752724343902103764831254229298126312488,69543229051003046668714769695522419489066656771952244216746198971116338608936,2024-09-21T16:55:02+00:00,0.575,False
2024_03_NYG_CLE,2024,2024-09-22T17:00:00+00:00,CLE,NYG,0x073c48ea05aad528c3e0fa72629550c7256a54b9b5646adbc259627535a752ba,113391109160241173047484508429998767602071383462077810072713706746592644233637,37856537141174304184836720749257785295637559503063982749641839529800136051384,2024-09-21T16:55:02+00:00,0.715,False
2024_03_MIA_SEA,2024,2024-09-22T20:05:00+00:00,SEA,MIA,0x884bff7c5d6501c00b5172fbd314f404f6016033005a9a5f14daa57731e37022,63850771438416072132716060106393835041917755972381034701879526697104380733393,54236987188996376065225056728473933086233547976096249389744379907499922820935,2024-09-21T20:00:02+00:00,0.665,False
2024_03_CAR_LV,2024,2024-09-22T20:05:00+00:00,LV,CAR,0x8abe25bd661e0c22c57c64be6c7dfb86ca9f35ba7c9cd48b828b4b03d45ea057,7775108952134391711872408167058312180542523782817728412178337712904916916693,57679755312487330947806718855744452523121098118200996252184977658374333736277,2024-09-21T20:00:02+00:00,0.695,False
2024_03_DET_ARI,2024,2024-09-22T20:25:00+00:00,ARI,DET,0x7c8ebb1e419333ac91793baf21b277d9d7c06f402340c0047d3ac092742d8aad,35649644718845736066716696379423636921054349243236429195236350438081946643868,9689504161440437017390393836453746975910036707796607773618633044101169873540,2024-09-21T20:20:02+00:00,0.425,False
2024_03_SF_LA,2024,2024-09-22T20:25:00+00:00,LA,SF,0x2857c3220d39c5027597520757d2656eeb76bb400fcc02c18065745935df81a2,50985070471752244954726744229723028770444884823361727849109295458013327673286,35301139564691708565395971751843293539760934474202382083682726312694028993681,2024-09-21T20:20:02+00:00,0.275,False
2024_03_BAL_DAL,2024,2024-09-22T20:25:00+00:00,DAL,BAL,0x37c117260de106df94b971e3fe99ffde3d3cb58a693aa36fdb881602c942f850,47239660289944302771189699278980733775890102688980067689534458427339577712216,9721304357244205560052926952240935417567029429602706837344417686665154179664,2024-09-21T20:20:02+00:00,0.485,False
2024_03_KC_ATL,2024,2024-09-23T00:20:00+00:00,ATL,KC,0x05d4740cce1eca97cd4729f8195793bbb086420feddb68b24df1a43fc8d93a2b,115117736756607804655339032450893844546760294297242299196293610822616985027152,20392052696115872194907977775582005777859265233023949083039618883392770015206,2024-09-22T00:15:02+00:00,0.395,False
2024_03_JAX_BUF,2024,2024-09-23T23:30:00+00:00,BUF,JAX,0xdf8ee7efcddc952e3b2f0ad127bf368b6f5866041ed448b9478b46cf407a37ee,87621384332039699595140931462154322909181322631030002584090620775722344937903,33586052365932724666095421529189298986370259615825525121671393670275424348254,2024-09-22T23:25:02+00:00,0.69,False
2024_03_WAS_CIN,2024,2024-09-24T00:15:00+00:00,CIN,WAS,0x0acb9c9e2267f849236855b919dbf4be7ab44bfa8ac30a813580404cdee8c459,99214839001630489850259700051019075364377832612326792155969335299208798280574,1781750921294200124038814033300049757623809034539799431125153228456179306180,2024-09-23T00:10:02+00:00,0.76,False
2024_04_DAL_NYG,2024,2024-09-27T00:15:00+00:00,NYG,DAL,0x652913133a6f632326d2e7c5e60527a9a669bc71f44a1eeec3c31b6db7d5cda7,54283007212914572893413484651421353989343981154437785159441670116509122149268,107249215137896732067379991446700687327523815354230498072270448815021360289877,2024-09-26T00:10:02+00:00,0.305,False
2024_04_LA_CHI,2024,2024-09-29T17:00:00+00:00,CHI,LA,0x272f7df2f13caf5ace7d4f17dd137cd44b496487aa8540dd7620ec520baa0b26,44887963322674143400068385639545354952513188916759815705731625062826742875133,16795883943394919658952799515491893188739446600105600948033388269709165684054,2024-09-28T16:55:02+00:00,0.59,False
2024_04_JAX_HOU,2024,2024-09-29T17:00:00+00:00,HOU,JAX,0xfa7290587067f8d1ceb9ceae72efeb6fb6f4c10d93d73f4634f2e74310b3628e,15517783225706623700407228844494920727276638752910636263912100692937977726503,37762491874283855964002247011596644048567538103336495084723134344829897158714,2024-09-28T16:55:02+00:00,0.705,False
2024_04_PHI_TB,2024,2024-09-29T17:00:00+00:00,TB,PHI,0xebff4b1708c508716258e6303b0a05ea43f4ed62a1dfe430831e83d5c2386dcd,100603912003450594354639254042998223332595357053645843715786974489345244704625,96836116181343139233091858943958204926989160663562486159206813749262205861731,2024-09-28T16:55:02+00:00,0.47,False
2024_04_DEN_NYJ,2024,2024-09-29T17:00:00+00:00,NYJ,DEN,0x5b2339d72e8f02392b5a74693e02934150353feb901c5196e921a40d0a4367dc,54494954476042742467677271411218514834151561480056010397369301468671539485463,29058206375761907004585010237750806748087087735662044540219096726709482123996,2024-09-28T16:55:02+00:00,0.77,False
2024_04_CIN_CAR,2024,2024-09-29T17:00:00+00:00,CAR,CIN,0xa4a7aa6dd85b4d4fab1e1f2ba4a4eccf506526db0c8a4433f0e6f225092c0010,88219863013962824945108125939386457485983436591973324821443950178095397400226,104962067119067672511538276904332608802170708063500040050072623515925703819832,2024-09-28T16:55:02+00:00,0.33,False
2024_04_NO_ATL,2024,2024-09-29T17:00:00+00:00,ATL,NO,0xcbe2d0aac9664d45eb36a19f54225eeb579ecd62937b253a6bb096395a443c8a,83164974513476058179717148447736602895471877914465751130214515182410248557464,101191812239025560257337415118649260648886216909909519584335094538874709290597,2024-09-28T16:55:02+00:00,0.575,False
2024_04_PIT_IND,2024,2024-09-29T17:00:00+00:00,IND,PIT,0x1e26117dc82f914260700a10b5e022cc1d570848b515158e625d0930945afe67,88702509094542887298090436761336190971453472441313636645636310916372808527668,62415203184963905525787417236791501436309860113716519419132316370308322056939,2024-09-28T16:55:02+00:00,0.45,False
2024_04_MIN_GB,2024,2024-09-29T17:00:00+00:00,GB,MIN,0x9f8142a1fa632341d611b5f3ee1403d358150e4b598c972232f721bde5edfa0d,50176432305661175368796318270174578244331373983170738158603431492190242502203,51257360938832374003798896548786639541539092520737476985903075709587758203211,2024-09-28T16:55:02+00:00,0.57,False
2024_04_WAS_ARI,2024,2024-09-29T20:05:00+00:00,ARI,WAS,0xf480adf1c942b5e4aa5ff9e51db8be777a8da7faefb80dd6da1085c3ba59ba0e,101771354714952933725406545947477226618884168359426673289165895903959843190038,24746170431097929093869487183133198601731851498306963205853275860970892059043,2024-09-28T20:00:02+00:00,0.63,False
2024_04_NE_SF,2024,2024-09-29T20:05:00+00:00,SF,NE,0x667965f785612624876538361c301d384cbee1a5ce89dc544619e01560403a72,6211489402613648405883634624118580213161502383931084629349306049955813808050,6900090882135735369353574525821693403729720434140078446024940514785343455597,2024-09-28T20:00:02+00:00,0.835,False
2024_04_KC_LAC,2024,2024-09-29T20:25:00+00:00,LAC,KC,0x0a5311b34d89ffccce641ae149eab72b5b74b057d1e11bd95d028813a38907dc,17584513282975592758055632883622701380907152657234153900097642867888217396798,15293470523782447187081368812806300052781516968816382819199251969486653874559,2024-09-28T20:20:02+00:00,0.255,False
2024_04_CLE_LV,2024,2024-09-29T20:25:00+00:00,LV,CLE,0x7fa31e54b19d2d046dfa6c673453678ef944e624b6ebd1162111e9e1d5f62fdc,22803709040293780955255594102472076792392425175425933643825419821362703725891,25941635751661391110171817156837451498094414184264229816402464509985384686685,2024-09-28T20:20:02+00:00,0.445,False
2024_04_BUF_BAL,2024,2024-09-30T00:20:00+00:00,BAL,BUF,0xf2a81980abbc8cd3d287ecc144cf2a362f0a882f0fb6e106879907d194f678f3,55104724526332336753976725534364612474293879154159871404415352478399812429170,32849097119085017273557568074191646449655173959796463565813401474028672867184,2024-09-29T00:15:02+00:00,0.575,False
2024_04_TEN_MIA,2024,2024-09-30T23:30:00+00:00,MIA,TEN,0x6f278af04fa068bb6e63159a2751a9cff9f094e54e0c916cb4b980fe949378dc,14010907959990875487273662360861321672398682986871175626532712222269513314399,86059223306081355966944202420979777439467872761839106456643003927178734865717,,,False
2024_04_SEA_DET,2024,2024-10-01T00:15:00+00:00,DET,SEA,0xdbe900186aaef649b672e407d4a8901e7a5f4da166cdb92d06ff583811c37c82,6466262968059839936795038639548890460016694366348827149956014123873476799537,5017186126487518518409016152056477996163517582334230387103542325713273949004,,,False
2024_05_TB_ATL,2024,2024-10-04T00:15:00+00:00,ATL,TB,0xa6d683bafb25ddcef6bd522d3224b781ee5a12f00ea7235246ebf052926304ba,112262093378819504163644347199832302345177657590200933141529419985820580355440,43935103598931900898760136907162115315419767465902515843442985856070061945998,2024-10-03T00:10:02+00:00,0.535,False
2024_05_NYJ_MIN,2024,2024-10-06T13:30:00+00:00,MIN,NYJ,0x827178bf213dfd8a2455e02e8051d625a8800f6a27f30a2273f71b75ba072776,93534135094122224963784589790815158083206405972289399696339270767399090007435,83715625967730848339280493652792587669258327599142396803604536195419044234314,2024-10-05T13:25:02+00:00,0.565,False
2024_05_MIA_NE,2024,2024-10-06T17:00:00+00:00,NE,MIA,0xc8c3142d66974bf4e5ca9c2f7d94dcdcf02e224ba7cd6605e46c84f0645edc18,52532881572839960334968916350023689508051687057499546081919881468207740549997,72681964610566370887348945504412865550757216659505641698985251310109130558934,2024-10-05T16:55:02+00:00,0.5,False
2024_05_CLE_WAS,2024,2024-10-06T17:00:00+00:00,WAS,CLE,0xeaef908665e72fae2032305f89a3e243a5dbccf61a83e759452a77a85d84e078,18260842671447892988216643037702750198301007370979069156996848465830075948792,54712578376153658156632492370418232649490717251660517154269676756525590174392,2024-10-05T16:55:02+00:00,0.605,False
2024_05_IND_JAX,2024,2024-10-06T17:00:00+00:00,JAX,IND,0x5996331b3e590b911eeb06462c0f2136c9b045f571d6993c2fbbaff6e4327924,93891777186181465807774985332295735958359094913845856410092719044524846567234,43489918057550000433868230615601128309677187056848053622700738112513190027946,2024-10-05T16:55:02+00:00,0.5925,False
2024_05_CAR_CHI,2024,2024-10-06T17:00:00+00:00,CHI,CAR,0x350ec8e72d395546f9659ca24d0268b2af2773515886e14643df6c7041788572,53830444576956583961372274175106969214121738205117271546627574455515586407044,96036151813021424791637727052239107903696388821521456151899388950076553712896,2024-10-05T16:55:02+00:00,0.655,False
2024_05_BAL_CIN,2024,2024-10-06T17:00:00+00:00,CIN,BAL,0x5b1ab931423c81a7c11b9d177fa91cb807950af379acaebed48f04cbb7437ade,21241544191876410341785226294596023743764856697844292076456045343468965881163,111767239034386969205501582207953686672599844490841718057225314084547707428315,2024-10-05T16:55:02+00:00,0.4465,False
2024_05_BUF_HOU,2024,2024-10-06T17:00:00+00:00,HOU,BUF,0xb1cd505a867ae9e24c1157781d042a792ef8403971c278b5325b394aa0fca0b9,70293030075620456909049212533706981238434015751998267033137045732548362664250,10880417953032999986932966339120089498983334069487349346404223568515725344223,2024-10-05T16:55:02+00:00,0.515,False
2024_05_LV_DEN,2024,2024-10-06T20:05:00+00:00,DEN,LV,0x7213669db30a8d7bff707924a3eca707e8b322591fd36f7d5b144d325eaf4be6,70965030602073396340046658649325625242535566895897598589703519296229486044356,75238097050057108575756597684760164626830841985839928427483271103406247838396,2024-10-05T20:00:02+00:00,0.58,False
2024_05_ARI_SF,2024,2024-10-06T20:05:00+00:00,SF,ARI,0x20438a23054ddd3ad183fbd5ff39adb591542166e9d26834b7388d596b12169c,99328932189784349715918272088695313174863069220342017109127870028283498863879,100657695114399733822439230715874575454756352655563193641991591314038124028276,2024-10-05T20:00:02+00:00,0.76,False
2024_05_GB_LA,2024,2024-10-06T20:25:00+00:00,LA,GB,0xa318825526391723e6fd92aa410ed4b5003c94078640ddd1424eacdaeef3d782,19340011216566973528020168382581783867550086572445908681037728427243939218708,66172833317159466135444973080922149228818672771102228236330110033688866104203,2024-10-05T20:20:02+00:00,0.395,False
2024_05_NYG_SEA,2024,2024-10-06T20:25:00+00:00,SEA,NYG,0x66830748471f3878af5e49e473243738e08da96510c6a4562d577b3ec73cd90b,21304215243603296581030989320474021932672053929848703082188929952469601130426,86703224893545731784376015450191009444318055828724358412589961447788499525752,2024-10-05T20:20:02+00:00,0.745,False
2024_05_DAL_PIT,2024,2024-10-07T00:20:00+00:00,PIT,DAL,0xc61afd46c5ffa9188ea7ad2ef8693515599cf478005f1645f9871d9753d963b4,111603051538160281005410628116503018566384525320998990573136669528941362818839,9472741763728792682355590730394605697018018774686991696024719759275385505761,2024-10-06T00:15:02+00:00,0.57,False
2024_05_NO_KC,2024,2024-10-08T00:15:00+00:00,KC,NO,0xf0b8bc70ec24f2cf4ba963ed41c39720a9b1252fc94bd718ecaace148b4fad2d,81832680359761030394334217016584659828148257974707588309805342480280654222972,35329366988954503780929166848209859391720163203110288996913667656463262795748,2024-10-07T00:10:02+00:00,0.69,False
2024_06_SF_SEA,2024,2024-10-11T00:15:00+00:00,SEA,SF,0x2400bad21aba16b8df50cc547dd7456ea36093385723c047171cbf3ec01e0581,3353835316854814113424317146426514974226306389687084995238290763234639765116,84749532824176787246161926550737341863267257860078195690181544672667691636276,2024-10-10T00:10:02+00:00,0.37,False
2024_06_JAX_CHI,2024,2024-10-13T13:30:00+00:00,CHI,JAX,0xfa23230e360f8272411b201f88e0cc8dd2eeda197bba8ce3b13a7a3335864b79,47679933675085958093767646282264670613340761876578876396283990774666017553937,112875564417665965710077793966257586485236028934322755269583352701102772678318,2024-10-12T13:25:02+00:00,0.515,False
2024_06_CLE_PHI,2024,2024-10-13T17:00:00+00:00,PHI,CLE,0xf9f96c6bce32326586e1f54ad59b177059e8a318c8d5150c2abb9756ef733b68,30474679671034757842042853203301911326424618523216891695235431120296353436908,51528489517997223438243725385673677487082728020674236135988569273100214698495,2024-10-12T16:55:02+00:00,0.805,False
2024_06_HOU_NE,2024,2024-10-13T17:00:00+00:00,NE,HOU,0x1240b5ab786aef07bfcd213c37b39850fcd348fc36911dad09b0dd1ed2cfeea0,77790209189531664837010525952432167074513386034427180324321604348221705997221,23796767569356027351497890766856387096507932370044657115666293566211754887060,2024-10-12T16:55:02+00:00,0.275,False
2024_06_WAS_BAL,2024,2024-10-13T17:00:00+00:00,BAL,WAS,0x6e19b38352a70f0cf9d0d920fbc46d42d7cb572e096c7170045c271062dbe1e9,7215121400431513312261471602358844787345107856623812256723212858810387821381,61186186729800197953082772217340203812346635860077708640611607689167918915387,2024-10-12T16:55:02+00:00,0.725,False
2024_06_TB_NO,2024,2024-10-13T17:00:00+00:00,NO,TB,0xf948de37d9852fda726e5e8fbc5953cd02c4ee9dccdca83d31a5ce1a4d446b28,58053079298902477032929607424312785971740927434333006049095787095912724312965,92990727329701750287898352796254317726185763422661038118041237571566351055259,2024-10-12T16:55:02+00:00,0.365,False
2024_06_IND_TEN,2024,2024-10-13T17:00:00+00:00,TEN,IND,0x0e9810da2384deb579bd0ceaa58c2bca386bb1ead6c316efed25783c888217c6,655713825710349465333836825932734129843817839890177409225581738386734724010,15934149557727007335870930378426959726445376568875207093474968173840931332048,2024-10-12T16:55:02+00:00,0.575,False
2024_06_ARI_GB,2024,2024-10-13T17:00:00+00:00,GB,ARI,0xfcdd8e4f36a1b58c2cec363bfb3446285aea63e8df18e6dfca2171511a2eb6cf,24464265246679321739778136366795696186850668346291282765009771830556732126492,94399477846966117609158497231534645142635495102700654749266668121356141690938,2024-10-12T16:55:02+00:00,0.685,False
2024_06_PIT_LV,2024,2024-10-13T20:05:00+00:00,LV,PIT,0xe0ad079ea21568e02bcf0c1f9cfec5f077185d60571b3978a84f333a99b2c555,105263026290710852645457177097585271559080623285764939724597538345649960564546,38937032537411724243019487362385878177595692533424403304366132132714301817007,2024-10-12T20:00:02+00:00,0.4,False
2024_06_LAC_DEN,2024,2024-10-13T20:05:00+00:00,DEN,LAC,0x174737c2e4303c514ce6da0af0f3bc666145994280ce3f7d60e9b4ed9288a53a,52740968596096437785506235369297420561980004287789510276001727474286980171431,24589758299731689437860706870367576195123380190736092610399550250084441279957,2024-10-12T20:00:02+00:00,0.405,False
2024_06_DET_DAL,2024,2024-10-13T20:25:00+00:00,DAL,DET,0x63f171abdfa0a5a71f1dda78a204f9a35941bc6104808a602eb124bcac32f9f4,72805800812129989338663520199391154957778824683868436610480085065092033503011,13311882619492331234143371090575414959898217097236173656741125425479391124847,2024-10-12T20:20:02+00:00,0.385,False
2024_06_ATL_CAR,2024,2024-10-13T20:25:00+00:00,CAR,ATL,0xe1fe6683c9f6862b954ba7fa6f9afcb5b563d83da597b006c2885fe4c7ac0008,8672594372700864150162982071633598250973287550600496094029611761733577992244,91260119576392721656395630537102610162024322052728981503527047856788686447423,2024-10-12T20:20:02+00:00,0.305,False
2024_06_CIN_NYG,2024,2024-10-14T00:20:00+00:00,NYG,CIN,0x6cd1022d3357b3538d1426de168ea8ccd1442e3fd7ea8fe5741cdd05bd0114a0,9237796671354115845911412075904323241594770961581114110278340210996194185450,83472739184748489973091268494306642818925040347109311565639949101377953469646,2024-10-13T00:15:02+00:00,0.355,False
2024_06_BUF_NYJ,2024,2024-10-15T00:15:00+00:00,NYJ,BUF,0x9e9adb89078e4cd2270c3f21c147bc60327468b1ae5676cdb165dbd49c6c0f4f,25883787758625026871776077784849827160195095101826005293207589746300695054412,103978648564035455943417838225835250866513411844456946820868686949069025985827,2024-10-14T00:10:02+00:00,0.465,False
2024_07_DEN_NO,2024,2024-10-18T00:15:00+00:00,NO,DEN,0x6b1ee500ba852149a777ff04707299dd25724babd538c6c92e3d90dcb2003824,33329611841825162862937360008720267472546596300604669742487789841978598169969,101563371911363549489266090503084719620918691051697162592062912907954986456543,2024-10-17T00:10:02+00:00,0.43,False
2024_07_NE_JAX,2024,2024-10-20T13:30:00+00:00,JAX,NE,0x8b4740e68bae2e344ad9cac74ce00fb4b8cb5894c00294b6923c6365ffb94f47,45691256523136724982267888205414137994953677210521485624756081123301632390877,103542802265905352011901657191442011208254518491133050105304924024045360302839,2024-10-19T13:25:02+00:00,0.69,False
2024_07_HOU_GB,2024,2024-10-20T17:00:00+00:00,GB,HOU,0xdb7fc8bc231dc119faf8478fcdba3fe249263a4a0ced763e9a954c5a0026bb5b,52183270270716483929662358852631135710895166269699277336422377179961769818913,17413938238526784358149525009567034335928178384482749990918594547511708428668,2024-10-19T16:55:02+00:00,0.585,False
2024_07_CIN_CLE,2024,2024-10-20T17:00:00+00:00,CLE,CIN,0x996f60d23be3e04dd77603aa1f455b6aba19a54ac7520d9f4d815a709a4543cd,30001474137702634392950351863515054770517085034768232021153270446121695807457,19780963483761319664897911838233716976812988168014269246285936534185614591711,2024-10-19T16:55:02+00:00,0.305,False
2024_07_MIA_IND,2024,2024-10-20T17:00:00+00:00,IND,MIA,0x02b0a30d5cc093254ea4b9e634c1d52b98e0eeeb7858d0bc30ec4db2badfe54f,100950667878917627025003517805316238636637312532991206110190863904689814218778,5212130764583168651600856517797110971999607907559187666918172815029899692326,2024-10-19T16:55:02+00:00,0.605,False
2024_07_SEA_ATL,2024,2024-10-20T17:00:00+00:00,ATL,SEA,0x8a7bea6ab6dba51fd3c06f6e95fcddef87843a3eca3578be85133d518a160d11,51109030791465040360572782630099914754677677127120294864757511708016171170561,29134105257626496385916178378455331390876851895323374131486249769945485340471,2024-10-19T16:55:02+00:00,0.585,False
2024_07_DET_MIN,2024,2024-10-20T17:00:00+00:00,MIN,DET,0x97d28f2968e4d99c0c11d5b89ce7bb39bdef18b813f72ccde4e997a37297a5c8,51497693897023857106250740328708577979784786907847597593732160025970412434079,2230983662313115358349607531025080975296880413740194936809491100183669024686,2024-10-19T16:55:02+00:00,0.525,False
2024_07_TEN_BUF,2024,2024-10-20T17:00:00+00:00,BUF,TEN,0x26668f54e787a218722a85b72455aaf643c6e9fb02ccfdb80edef4dfcededa85,72677396027646022048238427695075014735361230082785924889677039879966430076936,35028579187088927436492545567482015792207711239017501861118424055419292822644,2024-10-19T16:55:02+00:00,0.8,False
2024_07_PHI_NYG,2024,2024-10-20T17:00:00+00:00,NYG,PHI,0x620a94bf149e06ba81d5de597c52314b060fc28cdeabc53d450704198209bea6,64269470501528303170636431960465780784026031831121252599061265446775740821191,108874979346703282224834602545656945283083174000272248074920724942737025585202,2024-10-19T16:55:02+00:00,0.385,False
2024_07_LV_LA,2024,2024-10-20T20:05:00+00:00,LA,LV,0x81c1385835cfb34226197babc2c7acd129f2969f3933c6f56778eeb3f327dd95,75434696352841221061151270121923092786196567017976524690588867548820921502465,53684302856075485175174881504805706746531163824527648510091224627645263181152,2024-10-19T20:00:03+00:00,0.74,False
2024_07_CAR_WAS,2024,2024-10-20T20:05:00+00:00,WAS,CAR,0x7939dc7f5e05e8fdaedaf71a135966525ca9979528bec082fd4f8cb8a11c621c,78925935678267362231576883063839349693915358302533305758154801585546414664570,10026601266880821368645529240056147119832660692362244562819518831846544529013,2024-10-19T20:00:03+00:00,0.795,False
2024_07_KC_SF,2024,2024-10-20T20:25:00+00:00,SF,KC,0xe5a63ef2d9be07869ff68202359534d4b781879c32347c7e3c397a0471177fc8,9476545155391744922980232656267187023896417193956678072489798034270090530047,7358899928730494618169841181450302994856224699738929865009885241537124305017,2024-10-19T20:20:02+00:00,0.545,False
2024_07_NYJ_PIT,2024,2024-10-21T00:20:00+00:00,PIT,NYJ,0x5d8e839de0121279cd52daf25cadececcbbbd78aa67e2bf581a3425405a4f3df,59476436264590401834841870692547068028183647347564362417412932648382487446467,5763372425606148737048931324460715409967238677160464550556827361666368370798,2024-10-20T00:15:02+00:00,0.455,False
2024_07_BAL_TB,2024,2024-10-22T00:15:00+00:00,TB,BAL,0x8fab7cbf5ddf29016fef1875f4ba90446ed6f8f4a7ac36ea3881b133da0c35dc,87006129431981042219008602919700442980943774120274262844989519317220323607946,79481733728946702777368362351880987486819705421382536534272713588417102225597,2024-10-21T00:10:02+00:00,0.36,False
2024_07_LAC_ARI,2024,2024-10-22T01:00:00+00:00,ARI,LAC,0x9860936522f10295900b487d0349294f372506d070bb7bab6d417e735d3022a1,27592733631686627093752046274712096382085057456198835652831401366163936391003,467359663816776112197971147646949808207968214979081847721682207338599406473,2024-10-21T00:55:02+00:00,0.465,False
2024_08_MIN_LA,2024,2024-10-25T00:15:00+00:00,LA,MIN,0x1140c36e29a3625d7558b361a9b87a3b878dc73bcbfa7785416e59e179176a54,55299250512287282427426035813189338003946224453390225212876216324279308496717,22440149574860860983508122122144266528217282792884517264220907006611334206994,2024-10-24T00:10:02+00:00,0.41,False
2024_08_TEN_DET,2024,2024-10-27T17:00:00+00:00,DET,TEN,0xa683d3e9a19d4fafd3f7139d6a8dcef4ffc91a50b2d2e25df9b834978d983560,29332781175241974599923881823300913364228370747449464830034597612244377662082,11460487063408829360254210204354536310356061332754425120790562542066219689202,2024-10-26T16:55:02+00:00,0.85,False
2024_08_IND_HOU,2024,2024-10-27T17:00:00+00:00,HOU,IND,0x7ae59a2bc6a82fb4a2b6c9b053571c62036caaef5c58d2559ccdd25060e33958,17943197509854760386484075625177433405760154120356267916795806640021024178180,110056647291907774767040216304700041383966738913641919263223803976230705702433,2024-10-26T16:55:02+00:00,0.685,False
2024_08_ATL_TB,2024,2024-10-27T17:00:00+00:00,TB,ATL,0x2d23ff7e66d5be5c5182a0fc00283919b270c8ae4261e63edabfe0a76034c737,32102369708948861768371729095812384778000240999785594044184818149894192874768,78343530960472535280117787639019352413431081254872011447860651089367967740713,2024-10-26T16:55:02+00:00,0.425,False
2024_08_PHI_CIN,2024,2024-10-27T17:00:00+00:00,CIN,PHI,0x332d385232969673d98e30d95a20b1c5dc2c7fd3bbca1dd918ed9799c24e42fe,96029395215802223112314418576135604652065917395790434663626867422453403731710,58140311674882247033424021524504258882561725570193764250372176720479627172365,2024-10-26T16:55:02+00:00,0.57,False
2024_08_BAL_CLE,2024,2024-10-27T17:00:00+00:00,CLE,BAL,0x9470f003aac554ecea57f31b433911c026f38898ffb645611bb012800c752981,74408223576526178458881663837244089425497361997749152410920209336710225888685,57114839249409439480921258757729247500810207036055459210470941535900116993881,2024-10-26T16:55:02+00:00,0.205,False
2024_08_NYJ_NE,2024,2024-10-27T17:00:00+00:00,NE,NYJ,0x8c265812e2962833b6e0c4d9b10d57fe78ac744f9cabd7bbc0ef823dbb8282b3,51116928621333550090117772670107954171097878605594891074236013681300976983339,29154106257589677753556903055781562984913221340306513646510152577131568436506,2024-10-26T16:55:02+00:00,0.265,False
2024_08_ARI_MIA,2024,2024-10-27T17:00:00+00:00,MIA,ARI,0x9318f1ba3d826acf2952f02e3ab02190d3ce30cc7afa2b7b97b1424cdffade51,106742749887389519835861074305687919662690642397294550842038670526087749457619,39747469412734425601026109954451019597610940227506181673593441343653275658023,2024-10-26T16:55:02+00:00,0.65,False
2024_08_GB_JAX,2024,2024-10-27T17:00:00+00:00,JAX,GB,0xd06f4abec1e4a460f46e7d5862df10a119f31f2d2980ddf0194777ffcca46572,32876865103336331328616894493120998665203025754296573825553739701385284519198,46480773136566250786946472701264427649233693957589138791599300119988073763287,2024-10-26T16:55:02+00:00,0.35,False
2024_08_NO_LAC,2024,2024-10-27T20:05:00+00:00,LAC,NO,0x9bfe2bf9237386a2b9e8ccb5453ce596ad0c1d2f75d969af4b9f8e6eae0c9795,29532650245714813714019258086025678666620295459985487459912220323663584313946,35107731234286148491735910394480186433112370599536463671769654249678658876724,2024-10-26T20:00:02+00:00,0.74,False
2024_08_BUF_SEA,2024,2024-10-27T20:05:00+00:00,SEA,BUF,0xd53f2bcdd69d3ff313209951c446171a73cef9382d350e7454006d70648d362a,28611528117655092060463774240568254722041286210351771844454714240388853964332,12753867725847805141684886978426239821560422546349034443390064950284908776007,2024-10-26T20:00:02+00:00,0.4,False
2024_08_CAR_DEN,2024,2024-10-27T20:25:00+00:00,DEN,CAR,0x6d0c7be442d4ea86711485eccf392ae9bd1cc7597dc01e5b25360f2eef437149,100328340948069906018294236005933125753468757122120634516148075509624175724429,49429664037000305190799766557134835443944467143956987411177422208910993609873,2024-10-26T20:20:02+00:00,0.825,False
2024_08_KC_LV,2024,2024-10-27T20:25:00+00:00,LV,KC,0xdbe658c8255e05fc9fdd1ae1889a01a48b511b4f5ffd291858a1ecd8b514afea,4572281167922516657568087054704300801765762721953962969732066461632067488961,73534995820178432201668086438691254708579271866597131547239358972980860497077,2024-10-26T20:20:02+00:00,0.205,False
2024_08_CHI_WAS,2024,2024-10-27T20:25:00+00:00,WAS,CHI,0xba3b6c254c1099a2e1d11ac0801b17afe440d5f3dc4f2dd5b4a47bccf627991b,2178206046506120976268223642631313414094540755101158330871614693269821883867,29992425174902141059289913975751807313755181535988643695206809541772205787054,2024-10-26T20:20:02+00:00,0.42,False
2024_08_DAL_SF,2024,2024-10-28T00:20:00+00:00,SF,DAL,0x6ada539b7e9db729a41fe5b4d17bbc9e0793289f101917e6b623ed7c103beca6,79693217630821105197553429974866189148412805468011151288388240913817615255576,93791214671820440055267501883607799073557902229380716712187720166758572623848,2024-10-27T00:15:02+00:00,0.665,False
2024_08_NYG_PIT,2024,2024-10-29T00:15:00+00:00,PIT,NYG,0x023c558016e6e3fedcd538b4995aa38daf10e6545755f7726bf55c912213507a,108456332967931368410396345912771519908977943288495282374011982329182194818453,45529454702518281004043204000896937536498537902840980491955085471585915296111,2024-10-28T00:10:02+00:00,0.705,False
2024_09_HOU_NYJ,2024,2024-11-01T00:15:00+00:00,NYJ,HOU,0xcd04add0c79c55d183366c2d6e717b561b7e9aed12f8091516efe6e60b12c389,9429022865888480653797918645065586928802905571967657548218189227193728449428,57572290782506779958868133005207202362928286689404911657380230912119555044268,2024-10-31T00:10:03+00:00,0.535,False
2024_09_NO_CAR,2024,2024-11-03T18:00:00+00:00,CAR,NO,0x98e59eebc6b4cd0f0af69b5b133543c261e25ba6512ad5470c92e5e1abc667e6,23595495321422133861663588883304851364070752933787841123308342224965250559144,33942445591022610627452174747463410652666381885214391926610419497275648668578,2024-11-02T17:55:03+00:00,0.25,False
2024_09_WAS_NYG,2024,2024-11-03T18:00:00+00:00,NYG,WAS,0xeb326064d1cfe8957e91c68fc7dbfdc809d161f2dd5427cf5c2ad7055ac83e42,62755825537863554482057234713948506015517410373863040422179071413120230673112,42669215277414606151504871200883371489057825193017693107538753760967407670363,2024-11-02T17:55:03+00:00,0.335,False
2024_09_NE_TEN,2024,2024-11-03T18:00:00+00:00,TEN,NE,0x45fc777937f3b36150bdcac509ce74006ebf0b26916dc4a525d4ec83896f0ab5,49130180290309273277662735498687563035613333296357272327571878593423503781127,89374932658212065187735880157283760622828860948111066333746558552339165480677,2024-11-02T17:55:03+00:00,0.61,False
2024_09_LAC_CLE,2024,2024-11-03T18:00:00+00:00,CLE,LAC,0xbb0eca3e0381100707fea124fc9bfebdd32288361ee875e139347a225cc403f5,113158956551478951571943190616763942320288187202405990914290782244166136032953,62898740436334688592107334332225478327064988903989794868376315447628844330242,2024-11-02T17:55:03+00:00,0.47,False
2024_09_MIA_BUF,2024,2024-11-03T18:00:00+00:00,BUF,MIA,0x22e400b00b8cf1f3d46d39c1754a07803891e654863f7279df519df515ff2d1b,4510527415492732768699124563646762171240927551420208794521790719165564992098,49588421260966528129560651194517842189645257022570683506178292272873266787719,2024-11-02T17:55:03+00:00,0.71,False
2024_09_DEN_BAL,2024,2024-11-03T18:00:00+00:00,BAL,DEN,0x88ceb60ec5d99c63bc202afcdf31571e9d52b72aa35a9b517c87826523c8ea1d,41546749366326461338383112317863246231641710388989932849888486938461731594237,93716851562013742272245073949463213320926212205523990039098068235236251211014,2024-11-02T17:55:03+00:00,0.785,False
2024_09_DAL_ATL,2024,2024-11-03T18:00:00+00:00,ATL,DAL,0x5a23b8f93c1812d528aff714c73d28877384662aba86e2e88c69ef2b848eb78d,81767420851752522654301933035918103305968897576809319890822241174271997336052,85988388675371588959056744890690713229857574576370199404643122089785760898252,2024-11-02T17:55:03+00:00,0.62,False
2024_09_LV_CIN,2024,2024-11-03T18:00:00+00:00,CIN,LV,0x7e045d6b980f9dd616ee5683685fc323cdfb20f24899628075e40e332951f504,30937955448514688465264890758624583451581501355710432735578280619635726739188,26083701343881322715247427800053278622599141776384992420545424782440437224899,2024-11-02T17:55:03+00:00,0.75,False
2024_09_JAX_PHI,2024,2024-11-03T21:05:00+00:00,PHI,JAX,0x054947d94706b4fdc222c8451d937f181f4ec9683e02963130aca4b247178cd7,4212302010307289359355334167175035832180272065437416653385039139435771222914,96064682150405828972441102933377841936391985515840194752834344703835721101809,2024-11-02T21:00:03+00:00,0.76,False
2024_09_CHI_ARI,2024,2024-11-03T21:05:00+00:00,ARI,CHI,0x70df323efebb5d90937b2d607fdc7960852fcd96e6d384b6ebeac62064ae1768,77879449871516749250774505670506614112222240493123841592577874175641820080809,9276756558598974840894307963562330519845930522926598602653999271744614224006,2024-11-02T21:00:03+00:00,0.53,False
2024_09_LA_SEA,2024,2024-11-03T21:25:00+00:00,SEA,LA,0x777046f79b63687b1d027eedc430e5174f1a814fb9d70d8cbc14c2d07006c0b8,81313502817497995954980928282322563536333034658968755099678604841518659547263,58649386754764133171607947702646584071497423306028995882364049349689863018452,2024-11-02T21:20:03+00:00,0.47,False
2024_09_DET_GB,2024,2024-11-03T21:25:00+00:00,GB,DET,0x09705a1441948a996cc2a053033f39ff13a921f2080b2c10a213748fff54e8be,65912286357171998333909161286126163574125394475850638090319098226990242940761,71090933905924255345902822269067434225342395456001009446544398950108647185609,2024-11-02T21:20:03+00:00,0.425,False
2024_09_IND_MIN,2024,2024-11-04T01:20:00+00:00,MIN,IND,0x869e83a48153e35b1e1a7c2219a578b336fd63ca69570b0c51507697a2841a59,68923013240152170549984922583680516325192093099129193760563171935318199951798,58281211141890908518910887132286972675957186277924576173191756398163600724610,2024-11-03T01:15:03+00:00,0.69,False
2024_09_TB_KC,2024,2024-11-05T01:15:00+00:00,KC,TB,0x92275edfcb1642365f642b81c893c410014cc40a68205face4d41c21e474aa1d,10089358148544079774138733584149262458951701354268207782228531461659310438308,101186537701714677497347229004308918023504615039085876939848948546690863874949,2024-11-04T01:10:02+00:00,0.8,False
2024_10_CIN_BAL,2024,2024-11-08T01:15:00+00:00,BAL,CIN,0x23de4d05e7fc57c732947965cf57b8557d3bf54de7b5b1cecff75a6c174f6b26,60575530782391742907572285149246014857477638082327644320750681431504042598288,73251676656741196061791284408381952231318499573423442186117422565261882506610,2024-11-07T01:10:03+00:00,0.72,False
2024_10_NYG_CAR,2024,2024-11-10T14:30:00+00:00,CAR,NYG,0x98a7dce7267cafac68ec6aa64056cf8ce687336059c0b345f09b6f6c1fbc65f6,107416798913673522763353861655255831150483087618242075696606728740502168482064,55710006234914376353864504533705509659625085729456630329156643408184522819448,2024-11-09T14:25:02+00:00,0.285,False
2024_10_DEN_KC,2024,2024-11-10T18:00:00+00:00,KC,DEN,0xa11d53e4ec744bc1d510f5d3efe3bb440e5d3099a683a6230b769fce932302d9,111989320197616470977382398499889415106922219061547947412042955661901991300497,5529401420529437666256106988041507861280785086617746659989370313130203724162,2024-11-09T17:55:03+00:00,0.775,False
2024_10_NE_CHI,2024,2024-11-10T18:00:00+00:00,CHI,NE,0xfdc1f1403dc0a15a9197a5f3d3a1818569584a6198db4e6e059d9dee3eb026f8,113992608881462561143273210923183906533592678070101152538003767087177485641528,90210391254837439570004308992667049421788481269278407132102118289767520736114,2024-11-09T17:55:03+00:00,0.715,False
2024_10_PIT_WAS,2024,2024-11-10T18:00:00+00:00,WAS,PIT,0xe2ddbeb9474b0a95eeae44f270a968b7ab635f8fd759cae2db3df84d60c4cd0d,28481418988203771212064902026731404580217636965481380941660756084630971094111,86797012251248498501163851753477874700223247625025073245481771833825940978303,2024-11-09T17:55:03+00:00,0.575,False
2024_10_SF_TB,2024,2024-11-10T18:00:00+00:00,TB,SF,0x2e4858365f76ae581bd73f90cc48480a7e119856548e903554baebcd860e02de,39880600217859038290300952905699815325113460042156505827102796435506818799374,37979884380963376100544781838374140231841710253497645613475149113959773839696,2024-11-09T17:55:03+00:00,0.28,False
2024_10_ATL_NO,2024,2024-11-10T18:00:00+00:00,NO,ATL,0x2bce0ebc62138aa701bc496c8f7a8b5a76c4ded1008949ddb7ef0c30a18e7c8d,114128467960474758293397016053804448970373438727443688594390352799269909033375,91091480214691107631418816473164172706543542397239682001521017099031131137344,2024-11-09T17:55:03+00:00,0.365,False
2024_10_MIN_JAX,2024,2024-11-10T18:00:00+00:00,JAX,MIN,0xfbd16cef492d69666158e004b232570784251368bb3a8c7f068f9e2edb20d95b,59683731833768934007007373472285715370315732072344616019474399321642192703525,64388620326752085804913380840549629422785591597092513610218281242803058292077,2024-11-09T17:55:03+00:00,0.25,False
2024_10_BUF_IND,2024,2024-11-10T18:00:00+00:00,IND,BUF,0x8b2dd47a5037334b15b5e7ffaef7e5368397930c64229d7359369c262588708c,10889031497587413907669825892639494392443028775102001727692635872295111549382,109913181293424224816960466982553037648500876511744618762041455972956616405474,2024-11-09T17:55:03+00:00,0.345,False
2024_10_TEN_LAC,2024,2024-11-10T21:05:00+00:00,LAC,TEN,0x516f348befef713462d2360ab14bb8c7af925c1c65a005afebdb0e382a0b702a,47298979617718048337023117600680703360735489996156184274018400120481240504858,63937494107159187834175363049747424197554375317180389449419459029263325633081,2024-11-09T21:00:02+00:00,0.77,False
2024_10_PHI_DAL,2024,2024-11-10T21:25:00+00:00,DAL,PHI,0xd3fcbed8959cf9c2ad8cac10037f2bb4aef164dc8809d15572d316bb4fe3278d,31272831838128724904298095416090799231416162780717813810060733114822547642342,46371030710337684923310364779231976312724264109452403637504985186894364517971,2024-11-09T21:20:03+00:00,0.24,False
2024_10_NYJ_ARI,2024,2024-11-10T21:25:00+00:00,ARI,NYJ,0x125174db5a13ddf665c5844be06a2ef614a99b1a457a15826bf42614e4e03958,67520272989747845570855756833712394228118599669082609109877094179877642769860,111450365817813244190828142075786380471651115355736429292713477035695171735502,2024-11-09T21:20:03+00:00,0.46,False
2024_10_DET_HOU,2024,2024-11-11T01:20:00+00:00,HOU,DET,0x7ffab92345d13dc3d2e8f4f0e4eab536bb5b4e944e9a5affe85e97d12e0198ab,14928569975051487193144077762051074715682971275859871725931257353887532244408,70197361185761595666634915842258749468507961965162172640532174703379576828263,2024-11-10T01:15:03+00:00,0.355,False
2024_10_MIA_LA,2024,2024-11-12T01:15:00+00:00,LA,MIA,0xf7b2d8c99218457a9a57e3539264e2e8b7cb1b940a846c44b3fcd3010994f905,73003574264222245313441729430635996168828045498587099281496159049586370685478,20405130097404360976469132466588783795541677481377329150664772274969777525915,2024-11-11T01:10:02+00:00,0.555,False
2024_11_WAS_PHI,2024,2024-11-15T01:15:00+00:00,PHI,WAS,0x93d5d31e4b893d879f723d70623cf791fd19d38b61b8f8a74df04bd41bc96270,36425483652642666201481207759129152048595502015104681230075104876205503769443,41806090081018644905004532232101679724246478578183013958815051819134563577396,2024-11-14T01:10:02+00:00,0.645,False
2024_11_MIN_TEN,2024,2024-11-17T18:00:00+00:00,TEN,MIN,0x1e5cee25c95af992c8991ca2ca905119c64481807965ac32cdb16a319699ac21,31464659385453095035549616682774132312780203907486477057617596751043299312159,26358411223903977746673603215700542218400081393331168676776705730162599327329,2024-11-16T17:55:03+00:00,0.29,False
2024_11_GB_CHI,2024,2024-11-17T18:00:00+00:00,CHI,GB,0xc4eeb9c54d28bc7975e309a299fbefc4b189ef5ed242ee66853032e109a5caec,74809526863226782533543679597856804578132691955131752605538860127348949162956,84762983379556783184497346701457539844240892352038338850540220787226686788138,2024-11-16T17:55:03+00:00,0.3,False
2024_11_LA_NE,2024,2024-11-17T18:00:00+00:00,NE,LA,0x16f3b71a2602dd9b06d1f56ae6670247156f9cb2ab2bca30bea65f6739c2e78d,35879155822764819737363358813901581169885091921796547226076866845552986201201,104859964798430614555527804296693852657728165902672859920834309887636909941352,2024-11-16T17:55:03+00:00,0.335,False
2024_11_CLE_NO,2024,2024-11-17T18:00:00+00:00,NO,CLE,0xc523009a8be7653b8de7dcd763ed91811c5dbb33a5986372a530b60fe3ee33ac,11256247193113624327605547699326806879849433201235527505252154831562324922738,88829337303588475815451696512720391080914478445856017770433723127059438618983,2024-11-16T17:55:03+00:00,0.49,False
2024_11_BAL_PIT,2024,2024-11-17T18:00:00+00:00,PIT,BAL,0x3c46eff5ba4360c0a376488421ca2bc39ceb3272e6c7b6042d593390eedbdcc3,53281942187157035646147239040890825905230629136639640366910431330524516576460,75071754904722685469174212770836464630893424084817726344731965961857533514393,2024-11-16T17:55:03+00:00,0.38,False
2024_11_JAX_DET,2024,2024-11-17T18:00:00+00:00,DET,JAX,0x2b04e4d381c0b83d92146f6a0a98e5e0ba4d6f6e1d43e00b49723882bc6bf9e1,17254635737136336896472758562633298885009460451620956915684835143009205448317,3686451383911100397368823926401276983603388335614531681749331423516700651127,2024-11-16T17:55:03+00:00,0.88,False
2024_11_IND_NYJ,2024,2024-11-17T18:00:00+00:00,NYJ,IND,0x86ca735bc0349d71b3ad8a4f6c5e3521564e3e81be26faa6936e809219341d14,29248057417896678346067580302736659015879284896332855936714695161805828951584,105918491334793063796239689155206044724511407045524733130125597049675629777709,2024-11-16T17:55:03+00:00,0.64,False
2024_11_LV_MIA,2024,2024-11-17T18:00:00+00:00,MIA,LV,0x1fb636344f277c0e84eb9e4f458e72184dea2677049dfd4b3d321a05f5f063b8,39922482026133572630489333273783494560658702624000853383748074076985869550798,59510204264316921268883396486448807931865465989917495392415644618698750604588,2024-11-16T17:55:03+00:00,0.755,False
2024_11_ATL_DEN,2024,2024-11-17T21:05:00+00:00,DEN,ATL,0xcf988770b8949b89dd531fce2c6acc52ab9852849a71598aae4889ad3742787d,56034464116232170071861875346177395717113661338911022069574827358391352887346,26361777995692134388710392103474854741982595011462625871746784751015005426892,2024-11-16T21:00:03+00:00,0.55,False
2024_11_SEA_SF,2024,2024-11-17T21:05:00+00:00,SF,SEA,0x4429f390f5f9966902ad345f37b3219887a19a6cf127f04d53bb73d7f4b754e7,39228495186371722408792026306372200317691344620090526913182956884547622418765,55687693727152597231101854748811714739760440690787285045652988044715162803968,2024-11-16T21:00:03+00:00,0.72,False
2024_11_KC_BUF,2024,2024-11-17T21:25:00+00:00,BUF,KC,0xa21e5fbbbe049e3337ba9b4a4dd5aa15e6b6ed8e7c71344c776364a73e81586a,87278949343827065350543911831187615948279809877202621982079626365132789306033,66416244980541195901969920142624092200379647187294340905763915906752126424097,2024-11-16T21:20:03+00:00,0.545,False
2024_11_CIN_LAC,2024,2024-11-18T01:20:00+00:00,LAC,CIN,0x64db493b471c6f7a3260b4ec9838233248bc45297b291890316dde8c29b63413,67521272415094131304911404295905339116372336049375463645340295161154764752329,50978247963091581032952628758919583795277422381498168272920890328448381081497,2024-11-17T01:15:03+00:00,0.525,False
2024_11_HOU_DAL,2024,2024-11-19T01:15:00+00:00,DAL,HOU,0x6f307cf8972d1e394215940fb2d676624af4de33a1b654a71f28451e3044967c,95376316589886033480338016533276451897001219498979252807225429481059035618833,105670195071414020815366262959526871518147504189510527864314502226264156149261,2024-11-18T01:10:03+00:00,0.235,False
2024_12_PIT_CLE,2024,2024-11-22T01:15:00+00:00,CLE,PIT,0x6703ac3d097bd4cb15111822de5fa6eef39b1781333c749c466802d8d61aee48,92564513617806075767557052090935510426602037249477677176992969056413773681857,97545369090282082115018622205617774653929802348862296875829951701089994448672,2024-11-21T01:10:03+00:00,0.355,False
2024_12_KC_CAR,2024,2024-11-24T18:00:00+00:00,CAR,KC,0xc5ec4e44e865f2954b85552f961e709858e687ac0eb4bfc5c4b71fb86782a7a7,26290910331635128987052965863863664338883872373516043969013954467427109356968,78764213335492236397202823064944955585474823270883164033210593070358076586943,2024-11-23T17:55:02+00:00,0.16,False
2024_12_TEN_HOU,2024,2024-11-24T18:00:00+00:00,HOU,TEN,0x45b593176961ea8f9792b373cc723b0f664938f8c0e985c110517ab26689966b,111514633780932119947351691958383928238895245425912240436615252684796600998133,108787275887356519969985027891179648299445481595030713729086251020728153974596,2024-11-23T17:55:02+00:00,0.785,False
2024_12_MIN_CHI,2024,2024-11-24T18:00:00+00:00,CHI,MIN,0xa72afb51b2d8bc99b7462b5dca3598ea5e9c7d7f425548590331c7c165c997f9,111777248599303238717610806575041344432734902420455854626826159009550323005674,33480753258999213431388499149496307930026540930488764923726289072066015438095,2024-11-23T17:55:02+00:00,0.375,False
2024_12_NE_MIA,2024,2024-11-24T18:00:00+00:00,MIA,NE,0xc07162cfd56c10b3803e7dc3d1b41e3d78dc2e22f172a374921c2d3870b42e4f,25390194181165019343298353071431228457979608786432322219391766443409471560984,52689344376060093617169619951915380406804451704353631858665152556965079296847,2024-11-23T17:55:02+00:00,0.775,False
2024_12_DET_IND,2024,2024-11-24T18:00:00+00:00,IND,DET,0x8ca4d7a63640411b61740360a140cebbd38da5db6088e7970558668c9e51f1b1,44818676591901869428167079907810468455828011575045878878269531161736986001343,100068864299049626371319908365141036691415876444685115257037112400612649734916,2024-11-23T17:55:02+00:00,0.225,False
2024_12_DAL_WAS,2024,2024-11-24T18:00:00+00:00,WAS,DAL,0xb236355fe71fe311449678ea87cf5258846ce0f1f624b941554347d8ba016db7,68712151593709687508937804557866209546486916791553540669035869027971368288205,27471627946492484360051772432216466086901858430482555721072877870050616132511,2024-11-23T17:55:02+00:00,0.815,False
2024_12_TB_NYG,2024,2024-11-24T18:00:00+00:00,NYG,TB,0x9b5444cc5c87e08fbf5a3f44aaf4596e92e664f88966b37e4a8d87e890a12603,1247741373953970707924892754251740691594658922220021084955388051614899475349,104451694325873262748540608790795571817793219652243795003424520592703965723052,2024-11-23T17:55:02+00:00,0.275,False
2024_12_DEN_LV,2024,2024-11-24T21:05:00+00:00,LV,DEN,0xe7e522976bf7a26b5dedc69e6ddfc6b82412b7ea7743f154dc339ae97957b238,24788333517830476502062836577550430146875137653001030670823387859473448457653,97633099767874049498753460504035800940936865978189732172932739459522829580096,2024-11-23T21:00:03+00:00,0.295,False
2024_12_SF_GB,2024,2024-11-24T21:25:00+00:00,GB,SF,0x5f00c7fc8b8c2d2d1a9c5154b393e86081e45ae1f09ad499a6ff661d0f7de7ee,93088162473688868175382291880890953150856142707839689041785027205957276725356,31810381566303618050097015787661763329005917055073095560146290609975123097509,2024-11-23T21:20:03+00:00,0.695,False
2024_12_ARI_SEA,2024,2024-11-24T21:25:00+00:00,SEA,ARI,0xc8ea9a0cc7d4f014df9943e95559501ae398131a9dc5bdb113513a20a9825374,103745983277975967934062107207802377419861899658782810152661175206582861131813,65888388012571008533106352889924356339252358796093780875924047403207476010090,2024-11-23T21:20:03+00:00,0.485,False
2024_12_PHI_LA,2024,2024-11-25T01:20:00+00:00,LA,PHI,0x5e9feab7d59252bb6b0ea7d58cef6fb05d4c7385bd186e855827e1cda41e8cbe,103963908619198809146302203841411585867853537290783201537494307179224323153656,113502847619230217703298024140159283310639062337303913442196469041696372574126,2024-11-24T01:15:03+00:00,0.405,False
2024_12_BAL_LAC,2024,2024-11-26T01:15:00+00:00,LAC,BAL,0x9e0273e66a75f2093622cc94329c4c0f6f66c99b4b09668b0f22c50740582b7b,48948440915036712726538863329469734109774535139877252801486455804098018080837,59477610302427013289959692245277480677717674120297188826527231362538961490628,2024-11-25T01:10:03+00:00,0.42,False
2024_13_CHI_DET,2024,2024-11-28T17:30:00+00:00,DET,CHI,0x5b8289a8c04610e8f7e0cbb03578418176d02b63ba97d9e93d49e230ea670889,3465694989607484635330714905289568917608052355048499886080513909735690805727,52369674965096700774617707207287225594847643387930320780732931388607767798749,2024-11-27T17:25:03+00:00,0.835,False
2024_13_NYG_DAL,2024,2024-11-28T21:30:00+00:00,DAL,NYG,0x49dc7682d5a147bec5965098d6f5575c5dc142d9e80f7179ae50e9685c50235e,35156361889888980501534543437857132077282490902287211172867639609141831930829,85403709620076933098312421365335530529377636743406004759698358458865125388184,2024-11-27T21:25:03+00:00,0.635,False
2024_13_MIA_GB,2024,2024-11-29T01:20:00+00:00,GB,MIA,0x68c4077d998a674d04edbcbb185ec5173188a54dfa99401decb2aaa3e0f130fa,55124483296040726383304047634411333219032514433860075260690705198734073516983,31196485664263147497675521812804400494562304191513978892526120918749495987061,2024-11-28T01:15:03+00:00,0.62,False
2024_13_LV_KC,2024,2024-11-29T20:00:00+00:00,KC,LV,0xcfc11a81f866efef752fd6a3d49f7f8282ba6bb15b254a9451ec39c6ed466b21,11271526081776477710908622886248945291165138802133899904405586056560088754821,107721870274101876338736271504077480626141558794945966949368797348083951866903,2024-11-28T19:55:03+00:00,0.865,False
2024_13_ARI_MIN,2024,2024-12-01T18:00:00+00:00,MIN,ARI,0x07632cc8d0c6ae7ef9da2f34ba39471a38b8f123f4c54a5e46d7fbe806fbd3c3,32993450584096449077756652938624944559225669012586126823149976043450002869285,35559000725052950346690958087345071691785429459659412546192203545627630147888,2024-11-30T17:55:03+00:00,0.625,False
2024_13_LAC_ATL,2024,2024-12-01T18:00:00+00:00,ATL,LAC,0x233139629fe27474858b1f9669f54dad3a57d8d21dc4c129b1188271a0c51daf,19216035615570872401284579996596396855072379976834901683815497625132779600634,58428262957149500070681493305415777984903107245729165173484659047161192127664,2024-11-30T17:55:03+00:00,0.485,False
2024_13_IND_NE,2024,2024-12-01T18:00:00+00:00,NE,IND,0xdbf84cb61acd00222a5b1192377b73785f8864f4066d9b2669e1f98b21af01d9,10974581399312117646089363269298172043927338969709034095406756244049307201253,77470978324864018989929209932419053282899333807976122723686262840039148508375,2024-11-30T17:55:03+00:00,0.435,False
2024_13_SEA_NYJ,2024,2024-12-01T18:00:00+00:00,NYJ,SEA,0xfe5541745b12c896c8fefb0ef3e1b945d9d20d44aa188d9c1a4be1415a47842c,82920292846945233626542824841167732468524187395527437860396936935641681490446,27202057230590628409380978547275203655609435694274790933521781933229556545871,2024-11-30T17:55:03+00:00,0.485,False
2024_13_HOU_JAX,2024,2024-12-01T18:00:00+00:00,JAX,HOU,0xa1545abe49521bf3d476db0fe7a3c2227a54b36f904e27aca14f95759c39eb94,79732000516182218844476221633225640246039581851515414252880540991194639328770,112825855617466921023632148582171419222825316304762534215801038874048063638625,2024-11-30T17:55:03+00:00,0.355,False
2024_13_PIT_CIN,2024,2024-12-01T18:00:00+00:00,CIN,PIT,0x3a59784d74e1f1b88a36d37483eddf07054668e65a4424487cb479cc523a342b,99684024524317378622125944008340517380626234131881332156116455978935047741724,106922202285535029846324649112574679564156411319038213384246389677545345710182,2024-11-30T17:55:03+00:00,0.595,False
2024_13_TEN_WAS,2024,2024-12-01T18:00:00+00:00,WAS,TEN,0x38a4046f4eff4feea1fc0e506b2768081c0cbcba2dae53cba1a3c8781d3d0607,67788945927889015520317813364438401411522374747942601992272356472385533820069,40888685391164193310132283589611386636037301651767923406695735339093658137348,2024-11-30T17:55:03+00:00,0.7,False
2024_13_TB_CAR,2024,2024-12-01T21:05:00+00:00,CAR,TB,0xdf3af4005d85cc83172125226b8bc29752b0049852952c0f47fc7d3b89f99072,74045192525297759577384133371822623218709289149049934651069918206549220946052,34422518471991452031237850020500924019382881495870774144726988923032403937276,2024-11-30T21:00:03+00:00,0.295,False
2024_13_LA_NO,2024,2024-12-01T21:05:00+00:00,NO,LA,0xdf96d87da77190e34bc4fc288f4298f66d37d77dc7c16d37ae3afd63a92afc6c,88429832863348261481475610825115347064904073783503704821891608331522056946492,97310800186246793252730631651566881900487166046400501756335285468328921779683,2024-11-30T21:00:03+00:00,0.425,False
2024_13_PHI_BAL,2024,2024-12-01T21:25:00+00:00,BAL,PHI,0x442c54385cccab383fe456bbad588660089f663a8b54a330bdb65bfd2e691491,67217440501660552877490882672595332735604956464113409835888741207774923895907,76816749891498326513277770151306320440601592057872827816392149682440446401061,2024-11-30T21:20:03+00:00,0.585,False
2024_13_SF_BUF,2024,2024-12-02T01:20:00+00:00,BUF,SF,0x49574126072ac7bc2bf2f07ee9775e6567e6a64bc80d7eceefe9ece15e4fbd7e,90636082627659209623444065908352572016393532437327226106059794271918482756157,211651933098736587995048206733264018011072625567964371330079265846337501352,2024-12-01T01:15:03+00:00,0.715,False
2024_13_CLE_DEN,2024,2024-12-03T01:15:00+00:00,DEN,CLE,0x19ceeab155ce6a2400b874388d155f6533df7906eaa64f7148d04123453656dc,7361497549279009936482986099554347736450401327206787750818853938132660005657,27118625056732804466973739799167138628395997592625689655673268790217346015859,2024-12-02T01:10:03+00:00,0.715,False
2024_14_GB_DET,2024,2024-12-06T01:15:00+00:00,DET,GB,0xbfc1f48d2ef89dd19566ee0b9d9db74b919f3416982689ed1a0b38eadafe41f9,67570689658941410728200257167226137641729609570874496852740839128012014867401,26845146603551721652383321375038141644106062942824114172339245303499147691151,2024-12-05T01:10:03+00:00,0.62,False
2024_14_CLE_PIT,2024,2024-12-08T18:00:00+00:00,PIT,CLE,0x6b4968a4e7fcaf7179b825d87c108683cc3086eecaebaefd7d7bc47b9ec7ebf7,21344690306319212240384087545029051429591827787559376278710160381591324654083,39482243828676563298707632620459737337708739452563870143787128038622692791997,2024-12-07T17:55:03+00:00,0.735,False
2024_14_LV_TB,2024,2024-12-08T18:00:00+00:00,TB,LV,0x8f23054af6638c20f0ec5a2fe58e2103de5dcb4aa9098b866e92bdfd54a07e84,32712299761017620263750722152880596155146239833541225667385579224196457528173,50368204744986320947632064210715349746326414140099985174023107128610522384775,2024-12-07T17:55:03+00:00,0.725,False
2024_14_NO_NYG,2024,2024-12-08T18:00:00+00:00,NYG,NO,0x0e2277d8c413e8d2e4457ebf1d848e662081b85af190b176c8ac5c5c4ec0c426,8085719482630950004535498239640782529917026684674290560368989091816316828505,85253493358335094303710757665827042592501152538573551756874224565787810617781,2024-12-07T17:55:03+00:00,0.325,False
2024_14_ATL_MIN,2024,2024-12-08T18:00:00+00:00,MIN,ATL,0x386b414a9dc3961bab017a652a935669b4b1c956211dedc0fb6cae9483cc8877,18116310986796289725765956193300408334136681118468550962929813284251620007794,113871490896082650851179050747993763145549975494313432998864878485667514253806,2024-12-07T17:55:03+00:00,0.715,False
2024_14_NYJ_MIA,2024,2024-12-08T18:00:00+00:00,MIA,NYJ,0x41c84034f8e5f053905f6dbe87d0d923792839aecc2d18d872a872e1dc96b46b,33921020912622479016427986136488695182118682755207230423070861614323953669953,35979092723765021468768419864581651467119601472669920119461350657078837936281,2024-12-07T17:55:03+00:00,0.715,False
2024_14_CAR_PHI,2024,2024-12-08T18:00:00+00:00,PHI,CAR,0x95ab5756b943bf8146f588e462877ccf03e5364ac564a9601470760234b5bff2,105954663321630944163014032501980110948102807220626318653494724371106787063660,74298916140781978054246908166380608300490869287320164419680726041615721835228,2024-12-07T17:55:03+00:00,0.865,False
2024_14_JAX_TEN,2024,2024-12-08T18:00:00+00:00,TEN,JAX,0x658b81d6d123ab39ea02d78b1dc386d2ced267f75a793c8e86d32a1d78a45022,21107634610025302126026805091840395726899633249993406865659856376372202616241,61321848938241779598284711887094322552992170955557276298338139534377041828427,2024-12-07T17:55:03+00:00,0.625,False
2024_14_SEA_ARI,2024,2024-12-08T21:05:00+00:00,ARI,SEA,0xe043f9e47330c68a74b44ff60d7b89416538458999343c9c0a5ee619cee93689,107829004257136136665921253020096927566028997222844737254214359184861057158808,11680502124919904374634394706489279855266901421204358154935414438064121307118,2024-12-07T21:00:03+00:00,0.575,False
2024_14_CHI_SF,2024,2024-12-08T21:25:00+00:00,SF,CHI,0x298412f28ed641a772a9b920ad3f6095f3baf5a67b3d0b4e30776aeb00eb6478,45091205029029938778923365926412931648359305231253233380185862712899936516374,46770038267576709533637194318768592042139743287150163082143723505121586990685,2024-12-07T21:20:03+00:00,0.62,False
2024_14_BUF_LA,2024,2024-12-08T21:25:00+00:00,LA,BUF,0x8a5856973c75efb73d8d07ca46cb50f10f6e66b7f859a28c5e51616d4697f708,97684342525194762021195603353717900786878128766714960751104295488326035186364,57358319380891930409071789667392626931888087239902756975712905623842296532904,2024-12-07T21:20:03+00:00,0.355,False
2024_14_LAC_KC,2024,2024-12-09T01:20:00+00:00,KC,LAC,0x84759b103d45357f27592b16e25462167ca1e3aefb80aa29a39cab4429320fd9,107911283698519477279309981689448016806466257793980452726038187299877716442691,10612910003478771998548755832172699632219774497399222424663937190682055348055,2024-12-08T01:15:02+00:00,0.655,False
2024_14_CIN_DAL,2024,2024-12-10T01:15:00+00:00,DAL,CIN,0x119564ff5d0d25478f67c591615d1141ae49268c213f2b195eaae0686e91def0,69597413250467300250396859786728986727367104292988497104496054850657844323551,43712670463101384543716474104772375960395958816786202841165443229163930408205,2024-12-09T01:10:03+00:00,0.315,False
2024_15_LA_SF,2024,2024-12-13T01:15:00+00:00,SF,LA,0x5132d0a92ad461ef662bd28c099337f1cc8b54242931d1c074a6bb5b9530a122,100709445499386278597623309835850433865578302576134635305913127097263368305698,63406494961457285236789494544706119772694218701322144530491038077928459153015,2024-12-12T01:10:03+00:00,0.585,False
2024_15_KC_CLE,2024,2024-12-15T18:00:00+00:00,CLE,KC,0x5b286601fcf583ebe194ac9c57e746e2c3319b8dd6893daf0cfeea085e07a798,113183362218464128600563770773787928479110587177541296992240655238227680282049,50349792990968343290176683348041411310694682615125125882431490956493662945872,2024-12-14T17:55:03+00:00,0.305,False
2024_15_CIN_TEN,2024,2024-12-15T18:00:00+00:00,TEN,CIN,0x536e68a1aebc38b85058962eee12a7323fdab96ad6c1d2a3d8c60bee8130db26,38416117777143018401185193655056174337700795715445656659333490469688870402560,52527582637351135131181027706182585873446526178460423095672171766751799291241,2024-12-14T17:55:03+00:00,0.295,False
2024_15_NYJ_JAX,2024,2024-12-15T18:00:00+00:00,JAX,NYJ,0x74525549564755570c9de287e5a045a89c19c821545b3cd5dfdf6407cf6fc692,10786979825941377968988214299505948295192730001799772067835357655293180260454,105101905410418180032739469326478052911955324233599400859325090806538892856078,2024-12-14T17:55:03+00:00,0.385,False
2024_15_MIA_HOU,2024,2024-12-15T18:00:00+00:00,HOU,MIA,0x8e49c8fef05cbbe9252d9be561ace534e9b4e7254e9e1f2cf7ee5a909c201ea8,90306126399605074544041492940966339541552045853784291940172192344070659083489,87379849269295773398672403530847432319289701222505937423862938791439741142432,2024-12-14T17:55:03+00:00,0.585,False
2024_15_DAL_CAR,2024,2024-12-15T18:00:00+00:00,CAR,DAL,0x9d3dd3240db46be9558d856f5d82e45b9e86125c3d9fdb507d752e3c447cf779,83055411342973986073152539820278136057353317288083473411685175761279321952024,62911264088876066163783576564712307571039724282470668880518312840040721552109,2024-12-14T17:55:03+00:00,0.575,False
2024_15_WAS_NO,2024,2024-12-15T18:00:00+00:00,NO,WAS,0x942e6592252e11bf733f08652a1177ac1b5f0c1e9c960d4cd370d3aeeaca164a,77875069387123999632354213832976878649696750635441701551049723595285192059187,112920739368466089663915373471115160225644203176793519330144750684138724907837,2024-12-14T17:55:03+00:00,0.225,False
2024_15_BAL_NYG,2024,2024-12-15T18:00:00+00:00,NYG,BAL,0xfc6699592037ab55a67630c5a68b0f8bb85718d1518bafa5a758a00a0a760e84,56173400685308062423041117125492308047946297245964843351413116473524037399282,10673750375218301486261555829920812738740098352404930320002091101364695668944,2024-12-14T17:55:03+00:00,0.08,False
2024_15_IND_DEN,2024,2024-12-15T21:25:00+00:00,DEN,IND,0x3d06d7f914dc48f3d95953bd37190638e2db523e7cf1383bef69431dda710c92,34532738202508377981927550206291215229487587958934790594440743935716249633945,90210913981349305661852335696972789272450099239521874076392358660408089903938,2024-12-14T21:20:03+00:00,0.665,False
2024_15_PIT_PHI,2024,2024-12-15T21:25:00+00:00,PHI,PIT,0x300b2aba414e34ab494165e4baa2c06b9476e1c61b0b2b397a3f1671bb23a259,95456115954007354622860829483955208065741262121462755733865575721216043817577,102369101514035978963296978254297816845097840773557717439051992093148871165638,2024-12-14T21:20:03+00:00,0.695,False
2024_15_NE_ARI,2024,2024-12-15T21:25:00+00:00,ARI,NE,0x9e0cefadce1614c50f3bf79ae5e8dc346268fb649229372b0c4732c2ebaae233,59904806601404635541748584289612473766601431453808178689646577893402796988439,93979924846706960661770695703384879473150178843180273527359554320790424363845,2024-12-14T21:20:03+00:00,0.705,False
2024_15_BUF_DET,2024,2024-12-15T21:25:00+00:00,DET,BUF,0xed846b6294cce35e19f661e4251a4e12882d2f55504a11720d6f672bafb48c27,15825493856167272846707159681964877432953875826676119068403412268329841762130,63895600911096150987966560128032397372066283176604225464009769952220108923525,2024-12-14T21:20:03+00:00,0.575,False
2024_15_TB_LAC,2024,2024-12-15T21:25:00+00:00,LAC,TB,0xa38c158c1084e994f2fe8081dd400d2ab51ab94b814658c69c374de421baf497,36834032539971195148840652705018875088610621737129427416577152100860947144817,34928234836543642058874342691838598261658699555378965538563885115509662719426,2024-12-14T21:20:03+00:00,0.585,False
2024_15_GB_SEA,2024,2024-12-16T01:20:00+00:00,SEA,GB,0x40960294fd0d6416655f24ee138a4bdae0426efe3fbbf7217c7d6395b560131b,36224513152211552253566442505695869734087390696849537840409532978930819810171,64373472373628568191607318564051625762991714925762868880865055750715696794351,2024-12-15T01:15:03+00:00,0.435,False
2024_15_CHI_MIN,2024,2024-12-17T01:00:00+00:00,MIN,CHI,0x0363d3a3a07ece8576d94b82928a17dd85e522fa3802c93fb2ade2eb74e79d16,58812371078712508971197480771516343821075215239456817275315135071340476369011,28584175030341222475420558564710070560581863870419349137785050759596759846911,2024-12-16T00:55:03+00:00,0.745,False
2024_15_ATL_LV,2024,2024-12-17T01:30:00+00:00,LV,ATL,0xbd89d6ed8eef40a72238766a85634e22e205e164d12bb2754089e5a3b3799e08,1540609824061274628123562769965251242585375378919382778720895429276086592562,53329206953474192363337144476577131186691367315171370080784748015227138898886,2024-12-16T01:25:03+00:00,0.305,False
2024_16_DEN_LAC,2024,2024-12-20T01:15:00+00:00,LAC,DEN,0x575768d67dda782f6045d9dc31c5c5f97927758b5cba938fc1142fff50553334,12462575405463045563106983341368644483871961092928134415227303229593094017393,3026048102127702133457117093912140774113798531209195947278546599230259856502,2024-12-19T01:10:03+00:00,0.57,False
2024_16_HOU_KC,2024,2024-12-21T18:00:00+00:00,KC,HOU,0xf6ea0a571a43a122471e1c7604d6bd8c267082a39758bdd8162dbfae0cd8d137,110230536393965606504648126996620355663612245088664196802793870059447019549807,40739562057794550541187194569338873089092359730180442205123214215534855241164,2024-12-20T17:55:03+00:00,0.635,False
2024_16_PIT_BAL,2024,2024-12-21T21:30:00+00:00,BAL,PIT,0x737a9a9e45137b18259d0753deb060ff8c58c8b10932c72f69eb85ffe00cb1ee,72100414303847772534742463568849540893103552819519182582050056807996051451519,6887544078367944824893545942620155975425013995205207906052662613902557327852,2024-12-20T21:25:03+00:00,0.735,False
2024_16_DET_CHI,2024,2024-12-22T18:00:00+00:00,CHI,DET,0x920344cfde22aa05d6d68ed914485b2964cc1bbba7b0b4b636f5dcea96caf47b,40962683154631599738347782322286895139086867803844589618100010368188463227217,11433501734436295799981118408903105734901341898250384973081469315959617113711,2024-12-21T17:55:03+00:00,0.245,False
2024_16_TEN_IND,2024,2024-12-22T18:00:00+00:00,IND,TEN,0x976664c5dd93bf33bfb54755c3196fe8ad7668fbb8eabbacc36f435eda38c2cd,33476138095160670742762205764039448855229567981324053070805434973656136669618,93530605124746764867910998162535696129475181473398050555741866676933793317293,2024-12-21T17:55:03+00:00,0.635,False
2024_16_ARI_CAR,2024,2024-12-22T18:00:00+00:00,CAR,ARI,0x1e0c69bf84fb76fd9cd2a0a78f1db98b3883d6aeb2db2ff0fbd6aa46b2d42670,97108269349599320131983501039676649919592612442278980537433646946434568522926,112827770833091099446220954286974662852295672959483347556670996659781852861868,2024-12-21T17:55:03+00:00,0.325,False
2024_16_LA_NYJ,2024,2024-12-22T18:00:00+00:00,NYJ,LA,0xf9e4d261c38d76ad8b7e4b96ae69ffc26b1b0ac87571ac4f4bf2919e6f984a13,101384263353469271174760238697833323102749350901498853887511462849694495276660,29782751284069570058520385992038531012148727373726324907544740849346796281412,2024-12-21T17:55:03+00:00,0.395,False
2024_16_PHI_WAS,2024,2024-12-22T18:00:00+00:00,WAS,PHI,0x4f61244a916622ca1dcae38c162cebccfa2124f533e9bd3740196183afc20eca,41697797699666009347541942651354904330049623365594773330943811306406384552036,66120216211770292426154630377289823538585027648629058120934105494658411457940,2024-12-21T17:55:03+00:00,0.355,False
2024_16_CLE_CIN,2024,2024-12-22T18:00:00+00:00,CIN,CLE,0x64ab3c8589a3100296c5f60f6215761ba45de5f8930f7767559ba1226eaca6ed,86088573158359927674352915774107420141286824674053203241001870384208394299340,10036571221454071039674643399023064878150626042239486365147578751073077318268,2024-12-21T17:55:03+00:00,0.805,False
2024_16_NYG_ATL,2024,2024-12-22T18:00:00+00:00,ATL,NYG,0x541244e7cc1b628e6c937a7290bbc7ed178d309900ce863c9c9cdb36fc76348e,24094006420164494789180616846721430608073606634604693079551030246340969400,42200809169074097220764744904399934272319800292362202602732763863931562985850,2024-12-21T17:55:03+00:00,0.805,False
2024_16_MIN_SEA,2024,2024-12-22T21:05:00+00:00,SEA,MIN,0xcec87ce0f17fd9f682e8e1ffbf16c7b4770524cd601665722d9520912d567624,78725536362761591354978457209882546987238222224800187876664917231121507013066,69909327871587852658548768220779056860294740819392829397886713007603547008987,2024-12-21T21:00:03+00:00,0.415,False
2024_16_NE_BUF,2024,2024-12-22T21:25:00+00:00,BUF,NE,0xc296b2cec8da6884e4c6ff1355ad17ef60eccc6df63b79e7772d4bc92e1dcd3c,9150294810567586076883022908688371829809436565147316781957225010552683360976,18571307807254345537059544717569537231974884318905799869526321290771719525116,2024-12-21T21:20:03+00:00,0.905,False
2024_16_JAX_LV,2024,2024-12-22T21:25:00+00:00,LV,JAX,0x1620358251a2c9802faafd655dfd2d3bb889350f31bc9a04d8effd6b4275f806,72283374339162346532607236970545828024325600923995228156360014545329592021702,46287871937228344970001849800897940134425813899024404060984934788516434103826,2024-12-21T21:20:03+00:00,0.535,False
2024_16_SF_MIA,2024,2024-12-22T21:25:00+00:00,MIA,SF,0xb77c2f3caadad837e5f5d1a5f8cda62e955a04fb3111ef97c02395df04106ff0,42017854645916996021534543406765430564936093433334831536777045266799678908992,105880287114927163779066950845728206682049036366496667759761522224038326399535,2024-12-21T21:20:03+00:00,0.495,False
2024_16_TB_DAL,2024,2024-12-23T01:20:00+00:00,DAL,TB,0x28225d6921d524a1a7dd08d639a664b043a94508829b7591f2d511434178f445,35014534807143896801417337127866827704301900733407747781242908671561110550583,8927632823494869797347396776664385091502169162453498144425917463461248206085,,,False
2024_16_NO_GB,2024,2024-12-24T01:15:00+00:00,GB,NO,0x646f58e9fb7a05559146d5f76c79ebd106acb5ea1320ff379f2715f601b695cc,93145978698556939452314720265312718095751297332118554489580237039460623085237,88775957846893224497016571296378449889414074195359818929543168350556820979101,2024-12-23T01:10:03+00:00,0.9,False
2024_17_KC_PIT,2024,2024-12-25T18:00:00+00:00,PIT,KC,0xada51bc42a264394ace58997a347b60351622d555a6c2a86ded3a78615e388ad,101820891518474531088668634233947820313340039842260695286288416851275253677704,56724154750377002831649637065803386870259449699331618692023957900011948866571,2024-12-24T17:55:03+00:00,0.405,False
2024_17_BAL_HOU,2024,2024-12-25T21:30:00+00:00,HOU,BAL,0x523cdec10b279dc56c247e5f4bd18112e248cedb6787be16efb6fe38f35d8447,54508361847288847308128652323252964772386722411491614156700113322006370137580,96068332523096180005575320242928388798768018366099748747318498701297507060501,2024-12-24T21:25:03+00:00,0.295,False
2024_17_SEA_CHI,2024,2024-12-27T01:15:00+00:00,CHI,SEA,0xd2987f9e8a627829c72a28aa65f5ced151f3e696139b528469c11890addf5204,67554154748809051144598889548555038857060007789232813812936764647873969630935,82711002860140085047053625942211618612284865189075972339549860738191982881075,2024-12-26T01:10:04+00:00,0.345,False
2024_17_LAC_NE,2024,2024-12-28T18:00:00+00:00,NE,LAC,0xc8fb957619c3ad8c9f29419f83373663867bf377688cdc17b1d1d49f0beec9f7,98707661304433501029803202036825904138487202897337563380156135842784025048433,24275684198835217012270249504843315908513680941200024810073814607070848442953,2024-12-27T17:55:03+00:00,0.305,False
2024_17_DEN_CIN,2024,2024-12-28T21:30:00+00:00,CIN,DEN,0xc55c68bf3a087e4d72b4d9821994685aa29e241ce2ccdd270503f29c85552f91,66997174523463365222613588493546539460740899639747418246066134063965684704731,83990453361857127303375841253265627384978791400552619031530622127089240059503,2024-12-27T21:25:03+00:00,0.635,False
2024_17_ARI_LA,2024,2024-12-29T01:15:00+00:00,LA,ARI,0xd514cd59ba0dad2c4ed2ab3ab96fb6c479565eb2ebe7fdda553116cc1258da19,7874816054152777328619282096666130460119492929818019040392492669236480574460,50256170506338507878998005727575638281247511275522116517808947493411545025867,2024-12-28T01:10:03+00:00,0.735,False
2024_17_CAR_TB,2024,2024-12-29T18:00:00+00:00,TB,CAR,0xb2ee812431adf7a99db4a94e5a043c4a4c33d218af399690f0831c05c9b5c155,60322363770670634318839294790281496257566216060347867793704520388851858626705,53466714970147346121129516188497956287586692171105446550759653775701612503390,2024-12-28T17:55:03+00:00,0.795,False
2024_17_LV_NO,2024,2024-12-29T18:00:00+00:00,NO,LV,0xc287b749c1c6eee77bdc3c15a9931ec40324f0d4e5321149675a5c59987482cc,12207209912649339780722941522575189988421339460779115042749570573062464104415,8818074921322322384763670382304819719194969390540559060334908240454265906083,2024-12-28T17:55:03+00:00,0.475,False
2024_17_TEN_JAX,2024,2024-12-29T18:00:00+00:00,JAX,TEN,0x958f6a47a6ca6ecfca2834f82dda7d7b1cea3f077b48662ab8f325532fd48509,32707902008563154149243503440730112452551662684451259328329621781807408286297,48702158794011595803895919861348372975968942384698509777106191015768580371637,2024-12-28T17:55:03+00:00,0.495,False
2024_17_NYJ_BUF,2024,2024-12-29T18:00:00+00:00,BUF,NYJ,0x5f18896851d6fabcaacbf03d8e6b3a04cf07a809ece78a1d86cd59c84cf6f9f2,65996508062240757076932458561213466539565064790338006174921950874266429266712,7158041221490407757903620302447243566630578318864275693903463227800025090005,2024-12-28T17:55:03+00:00,0.825,False
2024_17_IND_NYG,2024,2024-12-29T18:00:00+00:00,NYG,IND,0x174b42d7a8f351ffd49b95215bf684ef9a735b10d3bf394f25e6f7ffae290a35,17167405940254690782110301124652150637047427270364583220607837916325080577077,9933418943575292564950855304728888113496628537987507657159811755915404076444,2024-12-28T17:55:03+00:00,0.235,False
2024_17_DAL_PHI,2024,2024-12-29T18:00:00+00:00,PHI,DAL,0xe6219942af0dd2bef69f8d4037f737691b7dbb0ab51ab3e6e95f6f8d6e4a0802,81846924667764936563137821006216535514702009467558184187068136238002286956989,8537006420822959501014527476361624235132448010416349245168355380369584172573,2024-12-28T17:55:03+00:00,0.755,False
2024_17_MIA_CLE,2024,2024-12-29T21:05:00+00:00,CLE,MIA,0x25ff35efdb88220f324547dd2f2f5a5e2ebd9dec555c4ac03c5fd798ffcebb12,92698366233974158454724656031301604135244301253970929694324078728318231012654,42615074076101050795821402727145054019962693127715055479020703035620370951068,2024-12-28T21:00:04+00:00,0.395,False
2024_17_GB_MIN,2024,2024-12-29T21:25:00+00:00,MIN,GB,0x9f1261e40c8cd913c986d68c890427a88da66d4a21e5f40f792ea7bc53faad09,110296959181065463577486452193084053188270304431981771296498520247683391543467,32647956167505931425364742594968023540709126828785485847184972211625326724669,2024-12-28T21:20:03+00:00,0.515,False
2024_17_ATL_WAS,2024,2024-12-30T01:20:00+00:00,WAS,ATL,0xe4c4ecd60c6383a04e7319c2539af61492667c745d1e1108416b1b961c5d2e1b,65853724378692657095995610074266652687216463695838811482217057159754756971885,19596013706545243172004925194426210512996682054818484708705241910288403326488,2024-12-29T01:15:03+00:00,0.645,False
2024_17_DET_SF,2024,2024-12-31T01:15:00+00:00,SF,DET,0xce908f140145b3d28abe31e0ad189be3031248aec1ceb057266f6f5c143be097,91248788600806608997423506802935536855445400183044342733478748650330632278155,32405823341266000411798641844683669509879123939706698696435748004256813494690,2024-12-30T01:10:03+00:00,0.345,False
2024_18_CLE_BAL,2024,2025-01-04T21:30:00+00:00,BAL,CLE,0xdd7a0b09d817e3fce98b1f3b95a1ec4514f635cb202ef12af73d365411470299,84776609982641125146717064148603033573224016821495289071719524360784159281765,112890210919382927079018855860555587126349945201105538795545128010080514882089,2025-01-03T21:25:03+00:00,0.945,False
2024_18_CIN_PIT,2024,2025-01-05T01:00:00+00:00,PIT,CIN,0xa3ff09b5ebab7398acc7686bc967141b980d6aeb61f15995268002e67be07c33,100422084298870020321285670026189245155672692507374183765264342782488674265373,59385127612460146071271480127678763631748181576610704521642633299214897610080,2025-01-04T00:55:03+00:00,0.445,False
2025_01_DAL_PHI,2025,2025-09-05T00:20:00+00:00,PHI,DAL,0x5d431b964aa4221c3cdb2285146671879c4a78018077ebb6bd682ef06e627b2a,56537387257287137171211430519075091326933072487809560986155877897892458478443,21514133240748015574662054993993295047805126355516867325264088902258026980409,2025-09-04T00:15:08+00:00,0.785,False
2025_01_KC_LAC,2025,2025-09-06T00:00:00+00:00,LAC,KC,0x800439094b33b59a2906cc90043818d4e35d1df87ae4995ac5f7d7b00a8494b0,812347112440100709593196536637384894475162254227183253061414182777207345233,67690680751849665494092550253588806561736664761188308181080530798193480370395,2025-09-04T23:55:15+00:00,0.395,False
2025_01_TB_ATL,2025,2025-09-07T17:00:00+00:00,ATL,TB,0x9b3edfe78e9d604ffd30b34d025c93316e89eb970fbec373094aa02e87e3363e,34711049033736085144375348490520038194784767913087876747585525930333625914533,34944406065658216016084823936301557660861932214344192846812214246038011583470,2025-09-06T16:55:07+00:00,0.485,False
2025_01_CIN_CLE,2025,2025-09-07T17:00:00+00:00,CLE,CIN,0x3346ce8dea0d6aa3d64696e0c997db6888e52c492117c8c9bab750937baeab20,4275658201119473025747196999640266409890229542877032243195746877369581238755,73035142302325555020210485877196046438984792081647922803884532734651360716516,2025-09-06T16:55:06+00:00,0.325,False
2025_01_MIA_IND,2025,2025-09-07T17:00:00+00:00,IND,MIA,0xb056305ae1515cfc9d3b990f736de52dae0589804afff219501f28c41d10e6fd,50539177490685565650842030672297372316223903167928000317137258133868686098473,80901150691675535167331240767985904686264342296675662012034447201090779840285,2025-09-06T16:55:12+00:00,0.495,False
2025_01_CAR_JAX,2025,2025-09-07T17:00:00+00:00,JAX,CAR,0xa9e327c25e8812a25eef1a5148bea64a9220a5648ea7146bda09fdb3d860651d,79363633316593613853383700252808503028813607626536491256875831828418132980956,101375761776496545358075668236902061621203505795200716355118635483047876177317,2025-09-06T16:55:15+00:00,0.645,False
2025_01_LV_NE,2025,2025-09-07T17:00:00+00:00,NE,LV,0x7c7b30d19854739d735ae8a582730c3b78bdd81f9f25fb89abb3769dc8dfb987,61540257781087765971960449718722621545795347242388745230204363841655056716278,22448300875923062706713342918051068223621183377151259750533936128548745536125,2025-09-06T16:55:16+00:00,0.56,False
2025_01_ARI_NO,2025,2025-09-07T17:00:00+00:00,NO,ARI,0x35299ef93cb05afc0591faa883c29ece317b78e9d42da9ec88b65b1af6da51cb,61285982630425567993820136513648011697899595186528516828411254526155460181391,43344777803350518012170161123794413176289743480500560100983860627490586822882,2025-09-06T16:55:15+00:00,0.275,False
2025_01_PIT_NYJ,2025,2025-09-07T17:00:00+00:00,NYJ,PIT,0xb465ac540cc8d3ba2a467a26c164698214dcd7e4d838e74758ae560710702559,101544522457751335747913457228394178547720841173083948637115885981791371076886,87046672687756378636605654751528479556027904601793738133404472471093272080361,2025-09-06T16:55:20+00:00,0.415,False
2025_01_NYG_WAS,2025,2025-09-07T17:00:00+00:00,WAS,NYG,0x08b487097d32f349beecfbd3f7bc00ef4a59d3c166e5f7c0cbf1e21db5f17af1,96110121297668363668937717091528092900217918609569362687942608207378310267790,34575023311832483339667268258420517076987809494233466415477275876244912983623,2025-09-06T16:55:06+00:00,0.715,False
2025_01_TEN_DEN,2025,2025-09-07T20:05:00+00:00,DEN,TEN,0x1a8631f0ed4bfd974a9b68a5a6984fdac27226b508b84ff6715305193fb1d157,109887312041680986895021996881018512897289658348735492109249101620695982547730,2380514927336941123028800131266968767491044027156801804391435311258099766848,2025-09-06T20:00:13+00:00,0.785,False
2025_01_SF_SEA,2025,2025-09-07T20:05:00+00:00,SEA,SF,0xa7a09dde2f28c54eb6b2e3e2134c0423b1709f54cbfb57141cc319366820b753,9675161793278053845906904418831067539118166752051106531833865481697632567683,109172733913316535114705586051200057287903605061181242379506227953404216467369,2025-09-06T20:00:13+00:00,0.47,False
2025_01_DET_GB,2025,2025-09-07T20:25:00+00:00,GB,DET,0xf7efe36a5a30d3189f50bd33c8248d5601604eb6301af6c55a7e8098852e8c89,28228961132839872518384422024297981811526510477582267950938740161003004436902,88557634579459154480989251210375541877381416965352828474669581031755319894537,2025-09-06T20:20:11+00:00,0.545,False
2025_01_HOU_LA,2025,2025-09-07T20:25:00+00:00,LA,HOU,0xcd044c77e586536eef7ab9e37e67631347a573be58cd6711a27103e454b385bb,82366508237371643246864317184519859434314731752453882194756764636897132125674,113787822868297867159905285037170674696779995207743801595044851697915201414208,2025-09-06T20:20:10+00:00,0.605,False
2025_01_BAL_BUF,2025,2025-09-08T00:20:00+00:00,BUF,BAL,0x7f2e645fd40487882cc9e7a05d240f5b1c2220a361fbb345b21f921070411409,36443777876955815112178911398465536715379998314028313005135036898922427756580,62587413687923316884770873568924706842851707293871241070022337717556806988342,2025-09-07T00:15:06+00:00,0.475,False
2025_01_MIN_CHI,2025,2025-09-09T00:15:00+00:00,CHI,MIN,0xd4cf0aec58a81982ef375d7a3112468d245dae62eec65ce074ad59f3c9d194ec,56105601276038861898517378915070288893343402607769701036946031715679667587815,49884129924958284634188530013225606487762829361854961582545570618987572349874,2025-09-08T00:10:07+00:00,0.475,False
2025_02_WAS_GB,2025,2025-09-12T00:15:00+00:00,GB,WAS,0x868a479c6edc7a88a30961664c00a81e5006a5259a80294133c735c6b21f4569,53997015716497094009664366646022863122328118195064013753735302005703903401349,97266043848187554502454054724067566304773534120314812074322254497795827628505,2025-09-11T00:10:02+00:00,0.625,False
2025_02_CLE_BAL,2025,2025-09-14T17:00:00+00:00,BAL,CLE,0x4e557959c5f78255856b860a97a3e72b34a263ffceced545dc2f98a206ebe61f,22957535811351048914390616141411529811700875056669136663879527920092885623717,63995557840461892588332865163165411562840620046858599169702519150908732822822,2025-09-13T16:55:04+00:00,0.88,False
2025_02_JAX_CIN,2025,2025-09-14T17:00:00+00:00,CIN,JAX,0x6041cb78d3398ec805169b3ff7ba94b9c2e5ad1b31097989ae05d366ba7955de,108585824628198049824573477773654285929289021113942588682530650097535111134420,67810275997947981938253646741015890057900632705511722453206521671328305322690,2025-09-13T16:55:05+00:00,0.635,False
2025_02_NYG_DAL,2025,2025-09-14T17:00:00+00:00,DAL,NYG,0xf3ded5c94e43f3b2ed2b00880fb4dd571124e839b31c7499f567d29e2e978aec,23936137347717841120704344753038589708484046195267331493085881889859449131415,54076547059855657719806145868021292142318338797495260956633436105674639242910,2025-09-13T16:55:05+00:00,0.695,False
2025_02_CHI_DET,2025,2025-09-14T17:00:00+00:00,DET,CHI,0x0eb549ada746e7e1f32d33d3bcb7f4c38130fae33a27fd01d39d5d88fa155524,94675762011565659065656976792207815332366225081851123956940068628744962109417,4444697541050019376962900604943514295757508567486534969386816672954436295412,2025-09-13T16:55:05+00:00,0.725,False
2025_02_NE_MIA,2025,2025-09-14T17:00:00+00:00,MIA,NE,0xd41dee54378dbc6371cd731879e20dab13f48ce686fef20a14e2010004c69bde,106933360995497014193762627736002160459933196052978585979005114353634878545467,103225507248789263536088497875246901192641349802481783185868600953029034653414,2025-09-13T16:55:05+00:00,0.555,False
2025_02_SF_NO,2025,2025-09-14T17:00:00+00:00,NO,SF,0x2209d272f45481a4815f9311d94067c2cb2b932546298368f2a3322275169fc6,63812602148702693389694128160443826745227909404172366459214126182117854972205,36142848746733586038343197646509378631477341652722507459732801384704292472243,2025-09-13T16:55:05+00:00,0.405,False
2025_02_BUF_NYJ,2025,2025-09-14T17:00:00+00:00,NYJ,BUF,0x1444251b3dafb9a59d8d2cea3c6455850c1d36003f03dfbc2e094da2ab2dd161,34067209280926813905798979970257624433467167579664476371136565390468580479911,87577850903423543991235453994807710753729422662140149057954850041955207207262,2025-09-13T16:55:05+00:00,0.265,False
2025_02_SEA_PIT,2025,2025-09-14T17:00:00+00:00,PIT,SEA,0x3255139811b2eed367c3329581059bd34a37047fd414308c75d7100e7101283b,110236264867291553556369725091603358198385965981355914267903612998362718380171,36260396326562272532799506906919376348827913577048909095017965308372007317863,2025-09-13T16:55:05+00:00,0.61,False
2025_02_LA_TEN,2025,2025-09-14T17:00:00+00:00,TEN,LA,0x9e7c130fb42833e3a72b4fbb013a5119ed7d6fc06c986a19cb3f016e276ae622,38416871414524709628326497684148283492595561344085055716604664021338613989338,51573836519146132878493513613185070495246997808266480487488329981442302930861,2025-09-13T16:55:05+00:00,0.3,False
2025_02_CAR_ARI,2025,2025-09-14T20:05:00+00:00,ARI,CAR,0x573aba90ae041b95e9b835f073bfe7eaaa04511d73ed7dc2e5cddce06ff77ba5,17515035917383657632137271174070700754945007433928848645097257408494670625774,69129407696425988069895919368679773354153970825417067748670316368994233897564,2025-09-13T20:00:21+00:00,0.745,False
2025_02_DEN_IND,2025,2025-09-14T20:05:00+00:00,IND,DEN,0xddf98fc07d7824086f2bb238ff0a7c86268f9bd1e9c23c3f92470fe2a658c7d3,44085475788534991783184920654840484973267400200774833057153384100387115901015,22316263718887620010492191615166195580038830908593648773088747272284703322334,2025-09-13T20:00:21+00:00,0.475,False
2025_02_PHI_KC,2025,2025-09-14T20:25:00+00:00,KC,PHI,0xbaeed5f2c31695be7bfbed65abe9b1e1abd30090b0837fc4dc1f238c41c99c23,43376161400565584364503949498927100228182276605669011849130474212910577443681,69163895410056822396270165794278620444554667616576678712566905267253928049749,2025-09-13T20:20:05+00:00,0.475,False
2025_02_ATL_MIN,2025,2025-09-15T00:20:00+00:00,MIN,ATL,0xe2f107836a6236398720178a48a51f0745260d5bf508d2422104c00eca2d6890,84797800451749751958985508807121523272690176628574163832948628354323264407376,60789086880957750780713364764254460921852256705728566661827468940683473869859,2025-09-14T00:15:04+00:00,0.615,False
2025_02_TB_HOU,2025,2025-09-15T23:00:00+00:00,HOU,TB,0x542f347e86af3c848754daee52f296a9f2244db0f62c1e713b9ace8e5dcd7677,114270791794580876375049629087676434310350622197352475824573956395261019082244,40782153364549675459609619604455487664625770633429635868886003216427191358848,2025-09-14T22:55:16+00:00,0.575,False
2025_02_LAC_LV,2025,2025-09-16T02:00:00+00:00,LV,LAC,0x269c676c69555c6f9609178c0c1b2c7469d413e7e22cd0f340c87390a4f6e766,60029908318472396628654885766090105811657763111162354295723756889408154383698,71121952669942307236363236058470471805742786831321999664027282392843121659525,2025-09-15T01:55:03+00:00,0.375,False
2025_03_MIA_BUF,2025,2025-09-19T00:15:00+00:00,BUF,MIA,0xe0a4a160343d3f6f12f3518ac336deee778f9c922c3a8cebc22e4e9bb90947d9,103829814528014905437061009588932239137188877122777798108931280632277966069476,14529148793127825511449975029286637677335749514748631099251078277932585217457,2025-09-18T00:10:06+00:00,0.87,False
2025_03_ATL_CAR,2025,2025-09-21T17:00:00+00:00,CAR,ATL,0x98dde15f19b750936526d438b9920e325aece9d3e4144b71e276e96f557c1c49,28650788686606915734678498387740694226763102480377076696553994937926067541697,13875471483986037043917512654006556970820516942936795537749296517747845240477,2025-09-20T16:55:22+00:00,0.315,False
2025_03_GB_CLE,2025,2025-09-21T17:00:00+00:00,CLE,GB,0xfeb438246bc849b858cb0136ec42903babf3921f634cf1733ab833349b65e6dd,38952853424630760049846622468766416766061757430553847284707888786784715939931,87258664697298601137287944285004765454415053322072807814794092254726185858006,2025-09-20T16:55:21+00:00,0.205,False
2025_03_HOU_JAX,2025,2025-09-21T17:00:00+00:00,JAX,HOU,0xcab669c074f8f790546d99e92a5864b14f46d98de451f35e26ea63c0089a7173,16888763879473660430214020680621427044056076378594048231316329171515721854791,68225883195219390106211394704106822372557233192872998749574557437566108186749,2025-09-20T16:55:09+00:00,0.525,False
2025_03_CIN_MIN,2025,2025-09-21T17:00:00+00:00,MIN,CIN,0x00cfb1fe371a24b3a9d81f1bb9ba5a037a53f70cf5f2741f3e8d24ca0eb46591,92486534170752428518477793382213663768123879115338473133253850662886928070966,92986809570200895340848062892778807038414010019071340619897945655767072731517,2025-09-20T16:55:06+00:00,0.595,False
2025_03_PIT_NE,2025,2025-09-21T17:00:00+00:00,NE,PIT,0x8610f5115132a1dbb5d9db6d2514880bffd355a08d4e7e7c4a4b8a176ed9baa7,14892591364720126589136668020436360279751550348735286719152175128972501129088,80270565129231744822259705326951533654149839236198446676801838809871663645030,2025-09-20T16:55:21+00:00,0.465,False
2025_03_LA_PHI,2025,2025-09-21T17:00:00+00:00,PHI,LA,0xbaef857e53f69249525c725e35c4dafb4c9df13c915738351bf2d5ab9fef01b9,67387093329647490545921706093639107526342445304585795579291775501390020754109,51230043022936864370124816866072324883627957324170208944272847458327736631868,2025-09-20T16:55:09+00:00,0.625,False
2025_03_NYJ_TB,2025,2025-09-21T17:00:00+00:00,TB,NYJ,0x44d172447f68fcc304a574af3439776f798155fee1ea6ade6861ea62d269a856,52585470237867583511846001937250721328548581064940431591713676163947211187330,32838747294601964372897965261836536574214405068363312006538202579200249032216,2025-09-20T16:55:24+00:00,0.735,False
2025_03_IND_TEN,2025,2025-09-21T17:00:00+00:00,TEN,IND,0x0a72c4de1ae9224eaf23d19ed8710a9b569bcc18b872e5b0812d4e931e36b837,61854481759038884085482361352971572397190686501794994648627035810006780989179,94879328291796788885175634946062995003145659696116266100807827109455487357973,2025-09-20T16:55:24+00:00,0.345,False
2025_03_LV_WAS,2025,2025-09-21T17:00:00+00:00,WAS,LV,0xb68114f91bebbdf4db3b833187ffa59aa3b9a727cbc3070f232e2fbc8efa530d,94349210734073934349732822692304824398184286458491820984218001073583867961217,14749646198604487709483915164936437375690553743867604068353182912109039658409,2025-09-20T16:55:02+00:00,0.585,False
2025_03_DEN_LAC,2025,2025-09-21T20:05:00+00:00,LAC,DEN,0x63c2b29f776882f6a873ab08f9233b5ce81878f08901b356cefbfeefed9a7256,115523311579304775666151267830104573621152265866439669818122511450334592597233,48117640740518226108140005956194608925457986057152995232409293702428831315173,2025-09-20T20:00:16+00:00,0.585,False
2025_03_NO_SEA,2025,2025-09-21T20:05:00+00:00,SEA,NO,0x027debee6533019ad89f0c725cd371e7743741993ba7299ffb6fd00fa2113bfa,37895934190260417112652533934821879281750640161693606954055047411823663236184,112398846481534278879439450100988448792168123719253828829734134047212506347010,2025-09-20T20:00:11+00:00,0.775,False
2025_03_DAL_CHI,2025,2025-09-21T20:25:00+00:00,CHI,DAL,0xfa1e8f3b1d376187570365ccc2b0a75b75c6bac5e09af54cbb2f136dcfc15312,49748717418232540866691489369455460660174433215071175627472732459239742456164,66109324251120809826357548448240929229543115194646865750367470280391549484643,2025-09-20T20:20:16+00:00,0.475,False
2025_03_ARI_SF,2025,2025-09-21T20:25:00+00:00,SF,ARI,0x86114dd0c8cb0620543ac867b2c1c38715f6c71e62d2f6580c51c5223e6f3c3e,39148579302410347092256189303124790547041230368323860589132247233392125174807,20722642476649997844513728293814761821865660726549240826137985187317020079211,2025-09-20T20:20:08+00:00,0.555,False
2025_03_KC_NYG,2025,2025-09-22T00:20:00+00:00,NYG,KC,0x86f7bdfbb5d28ce8a9c455600e0252b016becf26a3868ac5ca6b85a65ac5b785,95147698090943520490758979608436169570170235612034946822145085740882380840722,112085829861912577029912836392367723580587458860313519506210920865694145195698,2025-09-21T00:15:05+00:00,0.27,False
2025_03_DET_BAL,2025,2025-09-23T00:15:00+00:00,BAL,DET,0x9bb75ad1d36ca556770aa2e1e12d1a6cc4a96039664434a33d4d7221504fa28c,55702035459406846888759918336187749345236096167333622088228146068953382442140,2515163246600094955146633950989102702179544078232026830982351749628779480896,2025-09-22T00:10:12+00:00,0.675,False
2025_04_SEA_ARI,2025,2025-09-26T00:15:00+00:00,ARI,SEA,0x2a749fa0cb0d3a9950eb54d6bc2800de73297906857b6093bcc1a9573c17fd05,40893647283949559451289184667630521045885075628326431214881271948445235565326,20943190611234549882277960944338616300224262497644018554698026621641409906110,2025-09-25T00:10:03+00:00,0.465,False
2025_04_MIN_PIT,2025,2025-09-28T13:30:00+00:00,PIT,MIN,0xf6ac37db6b9296effc601fd758968a519a81bd918fc958f28279ba32cf532f77,87038101420335554305355995420628737420000368525357264279762494742880834042866,26992796701607167317323318641378183020078677625602809886421680518444681314122,2025-09-27T13:25:03+00:00,0.435,False
2025_04_WAS_ATL,2025,2025-09-28T17:00:00+00:00,ATL,WAS,0xf4f1401bb1d74968dc3284b2c5c2319f5d135ce80b6025c89cf0b50b20da610c,77588036876271957011731885685570403713188574640711407838126221661688239999776,107154750017039479627806321209191561791590708792912758685752548513021435172590,2025-09-27T16:55:09+00:00,0.545,False
2025_04_NO_BUF,2025,2025-09-28T17:00:00+00:00,BUF,NO,0x0b05c52720172eaa168e62e9e91702f48ef69210888880d2e9b74a0e210066e3,63365953085236066263304904166813412052956644471436568071522710395610587420859,41143771008716145188423231782162686670776093338573469516525517779185061066575,2025-09-27T16:55:16+00:00,0.915,False
2025_04_CLE_DET,2025,2025-09-28T17:00:00+00:00,DET,CLE,0xba5f25a50cb42b8187b1c341801f9a8e5a5aee19d74382ddbba563da5cdc01b7,59071626703440956767260142476119529879913700538746487627202120248806376898623,67219901198290129785024749121304090075185652126985891625206154238347150878523,2025-09-27T16:55:07+00:00,0.825,False
2025_04_TEN_HOU,2025,2025-09-28T17:00:00+00:00,HOU,TEN,0xf58eb28bb922427619e371903feb61299d311f36e11dd1ea650a4832df6fc1d3,58853433265028685686809171227629988838559183114386975477122113010690055715602,52587804965196054279516520887922786100911339507868310586839300507438360527579,2025-09-27T16:55:12+00:00,0.77,False
2025_04_CAR_NE,2025,2025-09-28T17:00:00+00:00,NE,CAR,0x2517c2e7563984d2149ac4b2bfb5d4994c36a9360929d195cd91278925629813,62664620498897596624234693674924237304923803215991040525521923894987212224982,47212940094346874033326128507219547101196135176942953030766051309068980209464,2025-09-27T16:55:10+00:00,0.685,False
2025_04_LAC_NYG,2025,2025-09-28T17:00:00+00:00,NYG,LAC,0x79adec37b2f1ad53e17b80bb9c911c205300dbad84b55bb7ebaee8d8858d6ef2,23494374861561879396270244868727920005002409120714896795970468064180515688492,91824410878224518809665276328007517323217492466245348645680915319041262742125,2025-09-27T16:55:04+00:00,0.275,False
2025_04_PHI_TB,2025,2025-09-28T17:00:00+00:00,TB,PHI,0xccc244fc8e622c7a3768672661e64b7e9bb53bbb4f1e53a3aa36bd0d33428548,13590199109596817854858050108241969482579345798746908731772636112464910574065,40335706737696751782045679519145285119795309139645518621633475378923024464669,2025-09-27T16:55:15+00:00,0.365,False
2025_04_IND_LA,2025,2025-09-28T20:05:00+00:00,LA,IND,0x8176209c7972bd1b9c1f0ce07120361b34930978d225ae007461edb03aefd3b0,23161824411298893163359323151161617308591739132240679608286095412225960115027,76822205137140591923233354236632902791672885457391147059188680246032984412819,2025-09-27T20:00:15+00:00,0.625,False
2025_04_JAX_SF,2025,2025-09-28T20:05:00+00:00,SF,JAX,0x7ae4c85cc2ee3fe4ea7eb2545b05aee25ffd4f83367c371006942a5553566655,76513151179636569284026166816083510024846732109310756241740025879596367492837,33931049477331647400973231599239190696316903900247089018909772224328875083748,2025-09-27T20:00:06+00:00,0.625,False
2025_04_BAL_KC,2025,2025-09-28T20:25:00+00:00,KC,BAL,0xa84414bb974f9f7a1ce7d4f70c293ae5aed95b54224447d11d48fb46712808fc,49940683778239731888442730687963624747585339912926845365957347855007181828544,100036878070122838689491736975312543644694684005228591286218604091657188126039,2025-09-27T20:20:05+00:00,0.435,False
2025_04_CHI_LV,2025,2025-09-28T20:25:00+00:00,LV,CHI,0x4b5eb32c4b800bb96ec906a69507af92b567141e7dd6b023f6f0647ca3d840b3,87668831790011023757209246330142109210509267271743530027377132215792940915428,114393248691517942427198887349890801957326257484275812318734776375068864539186,2025-09-27T20:20:03+00:00,0.525,False
2025_04_GB_DAL,2025,2025-09-29T00:20:00+00:00,DAL,GB,0x0af48a189e649217f4c5af8184a22e3961500c63e97e9474d010a93350e0b4c7,7301006659423875406368172050193407631298580042297228218072900713973669998584,44427522487298993283110146219323341708001179808616616950726962319159116574398,2025-09-28T00:15:03+00:00,0.26,False
2025_04_NYJ_MIA,2025,2025-09-29T23:15:00+00:00,MIA,NYJ,0xdbc4fe4cf3464fccac0a3d1ec518d25047c7fed46ba942026d792b67ce4dbb5a,36358266231134433401431450948925130204736750382360169672958511642812301249832,75397511535346845817947383797557495468867612646845977458827634218090068963748,2025-09-28T23:10:02+00:00,0.575,False
2025_04_CIN_DEN,2025,2025-09-30T00:15:00+00:00,DEN,CIN,0x664ac906ce2e9579824b9eee8b42f937f3d01b3c5c670ba32e8433f95d3a4cd2,2951804778096913763424626895931914171580208824614209496280022431623500334436,61484911442819768993545660574386252436777760898468221779909064575380505264046,2025-09-29T00:10:03+00:00,0.795,False
2025_05_SF_LA,2025,2025-10-03T00:15:00+00:00,LA,SF,0xe182afe6d9001281d12b6ea68b70364ac926965a3bfcff48476edfbb4e621287,112893781688991948658964736843338348934576953940718316619348784682616668220657,58688782844866313989188715042215355610121121592254983128142438792293778792719,2025-10-02T00:10:06+00:00,0.78,False
2025_05_MIN_CLE,2025,2025-10-05T13:30:00+00:00,CLE,MIN,0x5be2baa4127624bb749feb333d2e65f32ee7a70c98d866d3064453bdccf5b29e,10908343319126407968932702148879309494235373077392168587745165602266941461432,114204009666480126498598988068661353227729994027245908284047317118776729508729,2025-10-04T13:25:04+00:00,0.355,False
2025_05_HOU_BAL,2025,2025-10-05T17:00:00+00:00,BAL,HOU,0x7c794eac9eaebdc9e63d0510d51f12e53ebd3955dbb30d3c5e57c527252d12ab,74928466038982974496277916249542527621753690874573143470912424816817426421451,56000475035677393741169956396668270570927932680177812249294140293966898530062,2025-10-04T16:55:04+00:00,0.465,False
2025_05_MIA_CAR,2025,2025-10-05T17:00:00+00:00,CAR,MIA,0xf89aacad8a05b20e273c2d591942d025b28a82044d8f3dfba8ccd4fac03b7bdf,41988137638825480143232426940096252208489260229549015478650197170228621021309,68084448308243719854246975871610051761968570728370447138871401970875442177757,2025-10-04T16:55:04+00:00,0.48,False
2025_05_LV_IND,2025,2025-10-05T17:00:00+00:00,IND,LV,0x9a5d7b0cea3d284ce6338ee10ce34b0fc59c7d4422e0a52d575892916c057911,21125806582911629541029940823362691410160008963235247497826057305016310513957,39776529917489782886581316106515944976587782455677969594375604572831524328753,2025-10-04T16:55:06+00:00,0.735,False
2025_05_NYG_NO,2025,2025-10-05T17:00:00+00:00,NO,NYG,0xc46ec5775f978679e1d1c2fcddab06fd46e88d538933bef7f71c33798894a3f6,103130443595162172275047538978280036809437782292294916724197145511024620322711,114832868348245885112365404037390104744342460282784068176484006931730443695975,2025-10-04T16:55:05+00:00,0.545,False
2025_05_DAL_NYJ,2025,2025-10-05T17:00:00+00:00,NYJ,DAL,0x875d3aa94828ef083e6829128be74a4fa37a0b64e71de05508577284233e3209,110525978396126803333520764889362777946712321304097972954781990176071960228670,99581089644756197688783501329166725654583008864074624095412304296206532899683,2025-10-04T16:55:02+00:00,0.465,False
2025_05_DEN_PHI,2025,2025-10-05T17:00:00+00:00,PHI,DEN,0x638fdef9e0d55331e641df9288311b9b5fb0aad79b38a21d1414374a59d88241,7411363018045433213933430722609660984039709672589871156586147729351626667053,17787898615945523893776653810057373334098686515613177580132863982007299835402,2025-10-04T16:55:06+00:00,0.675,False
2025_05_TEN_ARI,2025,2025-10-05T20:05:00+00:00,ARI,TEN,0x8747b866727b5514b52bccdc7afe208de01d42ae25055ee2f4de1ab4711abba7,27504102811212409420235747630249931707512072583521299696475254136620432438179,86355235052701054740692936723992713083794043350392007631311135939576140535513,2025-10-04T20:00:09+00:00,0.785,False
2025_05_TB_SEA,2025,2025-10-05T20:05:00+00:00,SEA,TB,0xfbe97b6bfa6877222679a910731fea12e5baadcb9c7292c0f8801f3598f5b9a5,101026406359014792393779674605712451820034926955592155274135651955495269049540,9961817888390398859475483082791074482132620461530312143029966060096630245314,2025-10-04T20:00:07+00:00,0.64,False
2025_05_DET_CIN,2025,2025-10-05T20:25:00+00:00,CIN,DET,0xd4023055ab3eca1b87706cb8caa9f65c9b6257cd5a06a2b5332993c85764a874,65306866271160019490660991993324508468948331092515834685576329018981419454893,73211925453625332905878592905157392584867495836885774163696629751940610869200,2025-10-04T20:20:04+00:00,0.175,False
2025_05_WAS_LAC,2025,2025-10-05T20:25:00+00:00,LAC,WAS,0xfa87c912f0aa2042bdb6ea11a2ef4d4cd44e51f35d3c0caecb3410a554ca3d57,56646628905326522147224335044221621963796891985427506525906651439181629945184,98775073924345141807959849038638998894506446045110644646254183793502890004910,2025-10-04T20:20:04+00:00,0.6,False
2025_05_NE_BUF,2025,2025-10-06T00:20:00+00:00,BUF,NE,0xc099825fab4693445d89784cc269a53d65dd045cea38e4bff3b3e2b0355303bf,77826227285357185821961364902789089552629882868189037595035671685258168663678,24131474866636905497374003917758813726655931733512164150199971693679348477772,2025-10-05T00:15:04+00:00,0.79,False
2025_05_KC_JAX,2025,2025-10-07T00:15:00+00:00,JAX,KC,0x59d4803810920f86bcc24ab5ec8d83fe7255c351d1c229fe0cf9b652283aac0a,27924733395446062545587979072749182408671191217777211201081876786090294186139,48796443692893205230111782877212155706069076666275568314621241534505572363580,2025-10-06T00:10:04+00:00,0.355,False
2025_06_PHI_NYG,2025,2025-10-10T00:15:00+00:00,NYG,PHI,0x08c4b6f69ddda7c59f11327c81ac741855ee9572cc7669845adb1e2c51b95214,61940425352787963705601964737991990549170668666879902275835628926941962899125,83860106261910837565537392575497295468697734736207343417141603211568752124676,2025-10-09T00:10:03+00:00,0.215,False
2025_06_DEN_NYJ,2025,2025-10-12T13:30:00+00:00,NYJ,DEN,0xc5ddf8c0ccb9504289c7d12ae3995e262f71b91f9eacfaf1e6d270ede932ef33,24015698128303510188743058335387340167078113750444014281026927870122555736558,86192057611122246511563653509192966169513312957180910360241289053249649036697,2025-10-11T13:25:06+00:00,0.235,False
2025_06_LA_BAL,2025,2025-10-12T17:00:00+00:00,BAL,LA,0x1b064e069647019e202bf9f76574a6f540a6a0ace4af94119e1bfabb20dba2c4,30765722445985241011411689911169181273108113679387597058834833316764035816033,42700641565230186710020541636685553324723314828032894724667303666758624290295,2025-10-11T16:55:09+00:00,0.225,False
2025_06_DAL_CAR,2025,2025-10-12T17:00:00+00:00,CAR,DAL,0x1c7d31524691352afd11fd2883d11e43f328fee25c4a5978b4e42040e3f96abc,75677622309549731731593421511624809535012415159476140020194802919789254693042,82243712450579076526842653828468333325153844227339405470798316396905472608791,2025-10-11T16:55:15+00:00,0.395,False
2025_06_ARI_IND,2025,2025-10-12T17:00:00+00:00,IND,ARI,0xf961917c7d316845721908d47e21edc7ca4296b8f2a3854139e5f85d745d6e2a,84707471705825781305674103871333309108939775045293981610314392569608622857749,91783222519705696315731477047155622412473949652726523207823771117825677244032,2025-10-11T16:55:04+00:00,0.755,False
2025_06_SEA_JAX,2025,2025-10-12T17:00:00+00:00,JAX,SEA,0x102c98f54c6d5be80d8380ce55a93ae10bc4fd285729b3aa33a6712484c9375a,109087901716216053417250825808952696497260040360991897081910571476476628813141,65181387213104612842621300379569623249928506487478220404378778395379355468250,2025-10-11T16:55:18+00:00,0.495,False
2025_06_LAC_MIA,2025,2025-10-12T17:00:00+00:00,MIA,LAC,0xce2671dbf70a19b648b0e32aa55be99c70503bc9455a42a68829cc5186492c38,67670942101692655280005862292586135586825938858651894275830331019608071025986,84867841418196475051962678681100910112043935496708723987576604857633043303574,2025-10-11T16:55:11+00:00,0.355,False
2025_06_NE_NO,2025,2025-10-12T17:00:00+00:00,NO,NE,0x956062ff723cf609b3085fcbd85ccbd771ab28b1c0cf557b224afb2e824d1faa,82837716219938042205362624390398671897160626982721012005635655097262531001659,101825961017117681820870618836671443937006911090703422917919214435233578161123,2025-10-11T16:55:08+00:00,0.365,False
2025_06_CLE_PIT,2025,2025-10-12T17:00:00+00:00,PIT,CLE,0x9b90495b8c6a3e710e2033792670def04c93193851b1335d322201974e5ecd14,31816521284195785080069480701065780266037151202897416907654048187574716914331,76925156783242554382226225002147376273857263691133866076090528285335160448554,2025-10-11T16:55:04+00:00,0.715,False
2025_06_TEN_LV,2025,2025-10-12T20:05:00+00:00,LV,TEN,0xc845fc87d66cc35e650fda42835faa687a08569d04d1ecbccb8faeb67369c0a0,57900515632481230875379688702778601772809772905549550694223586725323682006392,7057354805335397789807476131493531608821208486230725046088170511827940750978,2025-10-11T20:00:06+00:00,0.665,False
2025_06_CIN_GB,2025,2025-10-12T20:25:00+00:00,GB,CIN,0xc480ad202a02700a20346a1d8f63c2a15a6aae5858ef62d21f2043347d0129e8,83413612333911163772287551996800623892615200415960937825904265523001119476606,3610662508070644343709282829730903179322994060490469244486952472003966792974,2025-10-11T20:20:06+00:00,0.895,False
2025_06_SF_TB,2025,2025-10-12T20:25:00+00:00,TB,SF,0xd55353d086e0d5d62383e0ff538c721eab4969a426d6404e2134f59a374894f4,79346815906876535433763192434899284782424577339860924382805427571458469974312,46624220931236200146764216211260664534880387976574799044898986678450384828259,2025-10-11T20:20:08+00:00,0.625,False
2025_06_DET_KC,2025,2025-10-13T00:20:00+00:00,KC,DET,0xa7aeaaae036e316c1e7e0542fa31595117dee8735ef88b3d9ceda85b1b3d1534,4304388993272216701489866547678056659032667044088807871920319001769502312196,9931511623386788748062999918458400455394427682853854329651440440898881487005,2025-10-12T00:15:09+00:00,0.565,False
2025_06_BUF_ATL,2025,2025-10-13T23:15:00+00:00,ATL,BUF,0x626a49d9b82acaa9e86760c0cddad6a71aceefbef72f4f1c154ff8e358ae88c1,51515706493006686915467360326198286147336826978259321854447558951715769963574,41363179555803964193865225014057621561864035628882209196629573070642914610300,2025-10-12T23:10:03+00:00,0.355,False
2025_06_CHI_WAS,2025,2025-10-14T00:15:00+00:00,WAS,CHI,0xb4bba8acb4a85c9f4ccd0eec6393e746c0176d271c2d0e52792968a05dd64b0c,74764475795121623056006185669021820483304079465092865059622185495692711341808,18959108866826349833783810516216172919384800898438031659526495847821857557528,2025-10-13T00:10:05+00:00,0.695,False
2025_07_PIT_CIN,2025,2025-10-17T00:15:00+00:00,CIN,PIT,0xa13312b2cc64532aed2a446b66e5a2d8d8b440b24d7213d33b6dae6a58c33223,59150913444791937395008354786292078116254188377353450247628754012368453377076,43316042420532542168140438864501868551184980388178338105513819372697332591887,2025-10-16T00:10:06+00:00,0.3,False
2025_07_LA_JAX,2025,2025-10-19T13:30:00+00:00,JAX,LA,0xe8f18e0474b83d54ca5fa8f8689e4b8af580d8c61dbb8037729af690250ceda7,26424347033109559493758804461759779640613787364370242580086074203599535362161,67153012814113013146847051271655451444815275646538899810030651084316282192625,2025-10-18T13:25:09+00:00,0.395,False
2025_07_NO_CHI,2025,2025-10-19T17:00:00+00:00,CHI,NO,0xf962703012a033d57382d976ecc3d8b6a9a7991083be770e43464b3ea8683fde,9125721456024202410249216236231619205641060099983920662030348727544537633208,9116537745887025220476561703271967037119166063746098699383163017682521388392,2025-10-18T16:55:03+00:00,0.67,False
2025_07_MIA_CLE,2025,2025-10-19T17:00:00+00:00,CLE,MIA,0x5d73d1ea65978ed06a55aaf4553827880dcc7cab5cba334de3341518fe8e4514,70516348189956267588227312854949298126895306412107904673298026057491008180225,39351838184523699496653676102311470661734974451685787324028718080379052964449,2025-10-18T16:55:05+00:00,0.575,False
2025_07_LV_KC,2025,2025-10-19T17:00:00+00:00,KC,LV,0x175d2d3a8a5f2e97517a4197b1e7fba3d498022683bdb0f06dec63611bda746a,63763423244189248371830735486888534800023612376598851682656477890418613991589,87358219091534453152338230880854583403039643157289332809785953175985830998952,2025-10-18T16:55:06+00:00,0.875,False
2025_07_PHI_MIN,2025,2025-10-19T17:00:00+00:00,MIN,PHI,0xed55f36cdf45379cfe16421d2e3d62c643e1926bdadcac06cce174e1c3bbecc3,63462790626880551880056336952921389052091744173905202911510904320904604692090,86783868793881915100820173535225828030655296742978157928520284291110224712487,2025-10-18T16:55:05+00:00,0.455,False
2025_07_CAR_NYJ,2025,2025-10-19T17:00:00+00:00,NYJ,CAR,0x16216b8132f88c07a0e6d86bd869f6bb1253925aa21ca43ea00d2a66bb29e587,16773310154352296750640824103738571218006177783845083239826175726170092077406,81737096193980495090392291442340258132452797890728738571009494597928347481572,2025-10-18T16:55:04+00:00,0.485,False
2025_07_NE_TEN,2025,2025-10-19T17:00:00+00:00,TEN,NE,0xd502aa7d6ec28b1ba3ca4645e5c7add9ef71fdedf5d634c57c30de7a86d700db,70584483871571558908591940947859466296988924239770556242125991075274609808813,78438266690025827136901417206529899163142270468773082486937449160270835742848,2025-10-18T16:55:06+00:00,0.255,False
2025_07_NYG_DEN,2025,2025-10-19T20:05:00+00:00,DEN,NYG,0xdff0b3538e08b1f3fd036250b7bb1500ccd1fc4ee026477d0932bff20c8fbc31,30922392254197651119910884085020460543299077274913525114978081507966193284367,97705377830870121325042421765092411334303033544660617753066888851263016231755,2025-10-18T20:00:17+00:00,0.765,False
2025_07_IND_LAC,2025,2025-10-19T20:05:00+00:00,LAC,IND,0xc931a0aee25adf6f2eee087df23d417f7be2ebec4fe65a4f8b2dde16ba077416,91874594657174502368222467992807586154747147716089323035041100792583174308906,50927343474106632772160150391699241955873200403889694079082717465609473040902,2025-10-18T20:00:16+00:00,0.545,False
2025_07_GB_ARI,2025,2025-10-19T20:25:00+00:00,ARI,GB,0xb8e221de6ebe56c959225f7acb6bc160e6ee4728c2311944acffbd647997a786,19319167548051829537610262687429016641193334932131687844200021705954818818786,105961280588553121493003783614574137525619609735686922727408028148911914916430,2025-10-18T20:20:03+00:00,0.245,False
2025_07_WAS_DAL,2025,2025-10-19T20:25:00+00:00,DAL,WAS,0xe0d9de962e0a53a2276c8ac5b192fd97e1d2ec74a386d2d7022b83ae86464489,90688104308398604490491533833380940077326096302413157013931967092961082934909,92211847866036284178115262117996225131130400931576952813579819530679958860633,2025-10-18T20:20:19+00:00,0.54,False
2025_07_ATL_SF,2025,2025-10-20T00:20:00+00:00,SF,ATL,0x3af49f39f61c7e4505aecf6f49c06d41db4e030ceaaf322f10db1dd9c940eae0,94752795955235461587780619782217060500312120096523144047455499437321069984079,97089789776171914487169399867179172223005109284642552503321870132481307952967,2025-10-19T00:15:08+00:00,0.545,False
2025_07_TB_DET,2025,2025-10-20T23:00:00+00:00,DET,TB,0xf6ae726ba56c07c2cc7ec8fafcd9c41ab992c59406d82888e0940b280c81aefa,28363677683762763453227202738754498928214363395573681345292253259763137616562,80988863864303476270411426614327108802765313617829876648614933772615191035517,2025-10-19T22:55:05+00:00,0.71,False
2025_07_HOU_SEA,2025,2025-10-21T02:00:00+00:00,SEA,HOU,0xcc9d529e735c24bf33e33403d10a70484b44281db5e42a625440a1e16271629e,84138100621295419506386212753534320713207714401332189029427010455659831812571,103141272816124557865968051096285154969674960537416469760714848533847802061438,2025-10-20T01:55:04+00:00,0.625,False
2025_08_MIN_LAC,2025,2025-10-24T00:15:00+00:00,LAC,MIN,0xc0c0941e8774b0d0df1fd8f84ab7b83076a1675a1feb214e426579beb3046aec,16827667094963509574390346631374318636452112764813015281767626932085681743237,102631063218637100177348751175973919935465374162774766098903110892066878224102,2025-10-23T00:10:07+00:00,0.625,False
2025_08_MIA_ATL,2025,2025-10-26T17:00:00+00:00,ATL,MIA,0x8e2641a2ffe18d761d91429e3d0f7f5907e3f966f4de57b74970f61da7ccb0fc,20325488901839098078916311566952664452594773636227933431438933697519729470613,114371383921470849575344261764462499713448720367388664883157525982539548707623,2025-10-25T16:55:06+00:00,0.775,False
2025_08_CHI_BAL,2025,2025-10-26T17:00:00+00:00,BAL,CHI,0x79458e54226bf73452522bae8ca7469ef433bf3a9dc1d6c614b3ddb689d33042,78665901476901614740571337652706060597940774521463518278586949624750310161813,54394745064456808468111046627692120964341489000255950997683259677845835157368,2025-10-25T16:55:06+00:00,0.565,False
2025_08_BUF_CAR,2025,2025-10-26T17:00:00+00:00,CAR,BUF,0x0aee7dfa491c87f0678eafdf10d4b54c628c3b72a7596afbf06a0bce85c71ed4,28028216950527742386441278298954893285565625618246043906281516196809610632040,35330715676856864347664144713917923593427905431760036677917378734000360678933,2025-10-25T16:55:22+00:00,0.23,False
2025_08_NYJ_CIN,2025,2025-10-26T17:00:00+00:00,CIN,NYJ,0x983948ed0de118d2567507ce97f3275ffd04edb1b94a427e7520e6b1161a23a1,49443661832963234612517679079330394578046743477721516570523551496405532696567,87802393367452383138862280216321074465808274509651730558046316851197390494337,2025-10-25T16:55:11+00:00,0.725,False
2025_08_SF_HOU,2025,2025-10-26T17:00:00+00:00,HOU,SF,0x71dd4bb30879f07523f31b899294862a0ac4c3b521c8f7d4c216344ebc5765e7,64083739197860242856571494404330415822137670078703836114065293972744865532534,75067006167646649055009891108746019575017925254812274497015878252802584686673,2025-10-25T16:55:04+00:00,0.555,False
2025_08_CLE_NE,2025,2025-10-26T17:00:00+00:00,NE,CLE,0xcfcbaa9a402806aa70910ddc64179d29af5bdbac676ec79ac600912f0db26c1b,104218017411718715620388892479999257849495233405671662756734562748719515416393,71340343637007609733711654453512789079417121270577934180807073888569839710048,2025-10-25T16:55:16+00:00,0.765,False
2025_08_NYG_PHI,2025,2025-10-26T17:00:00+00:00,PHI,NYG,0xf6c12a522923b5143fb52aec4641e46cc29765af358009fac2cb65bb3e7c6531,21069990470040908562585326594516809538693335635877451766605816776617929484255,51779759440493952017890409763391695079559366747868298855330558157788444609595,2025-10-25T16:55:04+00:00,0.765,False
2025_08_TB_NO,2025,2025-10-26T20:05:00+00:00,NO,TB,0x4fa06c938ab2d52a2c0bc36bd1a1130434567b597d2ce6df3b49b15731fd5e11,114642872633657187921312729718921725585905135180287632399471279156510009118615,95753440467969298499302085152556982452911464613061928506988621401337812537516,2025-10-25T20:00:06+00:00,0.34,False
2025_08_DAL_DEN,2025,2025-10-26T20:25:00+00:00,DEN,DAL,0x5c1d90605fe7f4cbab6864091215a4108f79dc5609a06dd90ab552c88e52450e,107459716377767294673038116780340405791143132749990194247362798957714901830134,56004457571536982438362965046154555078816631692280233412438549430046475608005,2025-10-25T20:20:07+00:00,0.625,False
2025_08_TEN_IND,2025,2025-10-26T20:25:00+00:00,IND,TEN,0x4f8995adb4a80b8ac257cef4970167584a4219245263c887df019ee6ed6e0f7d,35185832849160206442033113839945985970126967829638075659736549086635942354890,45938005828328157169672518595166026851781275400104870828163024042530967950533,2025-10-25T20:20:20+00:00,0.905,False
2025_08_GB_PIT,2025,2025-10-27T00:20:00+00:00,PIT,GB,0x8df270e2aa2ded8dee066bcd4ed3506954809479cbe756c6ecf5af6b0ef584c3,3909891163160938695893980578892877598300533496062106323899974966581764570258,79380362155469981332952230710575359017802708957790307715025520495382304237462,2025-10-26T00:15:08+00:00,0.405,False
2025_08_WAS_KC,2025,2025-10-28T00:15:00+00:00,KC,WAS,0xeea11838031898568d1cf6be17f07bbaf33df76dfc0d1ea206d4bd817aaa2785,58732316265160509330792138022029193686984698496575854235567332240128268819225,91300206831635196778103299717355585901610751268028689693952935455026055645833,2025-10-27T00:10:08+00:00,0.855,False
2025_09_BAL_MIA,2025,2025-10-31T00:15:00+00:00,MIA,BAL,0xa9202d1a3f497869d45ec1b122216de7ba542b2920d7becc64f0f9c2969a297f,27887481627533078210436105816339582329208302668772658985491126599747137465542,19107411353903294968863666132831741761932499489076109955229662722336998211898,2025-10-30T00:10:07+00:00,0.205,False
2025_09_CHI_CIN,2025,2025-11-02T18:00:00+00:00,CIN,CHI,0xb6059f90055603d5d41cddec29021d91614ac5398cb1a0aa4d6c641189578744,37650918815372710436279699591758532037868850427467435213604750708086387991797,57610636706015708469269789441188593330172157619698139003214031562223936199233,2025-11-01T17:55:05+00:00,0.415,False
2025_09_MIN_DET,2025,2025-11-02T18:00:00+00:00,DET,MIN,0x09293493eebe2dba65aee40b96a37af9e0e925791dc0356b324e8015bf0d6196,59766825824863731899252690937287891527880720440397462577679556626511409779901,62342734225130700617087466858715885390470637184625135986200041673551622078929,2025-11-01T17:55:06+00:00,0.805,False
2025_09_CAR_GB,2025,2025-11-02T18:00:00+00:00,GB,CAR,0x93343cc685ff2875ca60eb9dbd8215187fbd3d6ec0f869003b57ab623b6aff0f,40833115879269127076987615326782960450794144902538248093669185382829233987211,14664350490849356296447212589400043764869692661794203003229671458934735252944,2025-11-01T17:55:07+00:00,0.885,False
2025_09_DEN_HOU,2025,2025-11-02T18:00:00+00:00,HOU,DEN,0x5e4a22239a3d12c37069332763de04bdffd90d25a17a71e0b825833803124798,34349145000138305620572837247044801454833792285183717557241049301550895642708,77881334070158577463740854467727307173575468948786502140173574411480703129393,2025-11-01T17:55:08+00:00,0.545,False
2025_09_ATL_NE,2025,2025-11-02T18:00:00+00:00,NE,ATL,0xaa50a5666e3223fce4e8ce2bd3f3f3205c4e7b25e7d8ed6178c8722504f0f702,102641996149277123367003943263825275104054036096345640562537635136974372893368,106089514913372571878598144172231066738704308712955473853898642562572438842918,2025-11-01T17:55:11+00:00,0.68,False
2025_09_SF_NYG,2025,2025-11-02T18:00:00+00:00,NYG,SF,0x024532fcd25a91e86704e39fb04d3550a344e0502aef7af5f25185ba45c4f0ff,33925508495431518730847225061903037748435625635916851476114198771523829355132,35791518039887523356067609094619194700720589730219545286246206184586730588220,2025-11-01T17:55:07+00:00,0.425,False
2025_09_IND_PIT,2025,2025-11-02T18:00:00+00:00,PIT,IND,0x87794de55b58fdeb94b4ac5151b962fe73afc1aad6b44fc780b30ce79fcc4c96,8459796303401397011377099815379262892580582744902481948523851327657263332432,106886494312349065248901381178626835440833853003910804168344979029653016833862,2025-11-01T17:55:08+00:00,0.385,False
2025_09_LAC_TEN,2025,2025-11-02T18:00:00+00:00,TEN,LAC,0x91209264fa90ffbbfd07ec93d7f6acb790fa48f95ee6f37715f1b8e9c9cc29ea,64314724350904854832620791243405299406533066270481432409790624476570401362600,18430913721318010593321474189440320342153064646706354923578424395335198565716,2025-11-01T17:55:08+00:00,0.175,False
2025_09_NO_LA,2025,2025-11-02T21:05:00+00:00,LA,NO,0x60f05f2f7b8c87a17429dd7d14b11fc80ce3af796dcb571ddf322db4f382b2eb,81944745567419398162153876671193508767332908438251292281895896824997086875457,8330900908426131519008380969732853848099613613943689346357280016533833732136,2025-11-01T21:00:13+00:00,0.895,False
2025_09_JAX_LV,2025,2025-11-02T21:05:00+00:00,LV,JAX,0x6ff4ba970cc7120f2933344a7e4c424b73d32efbd47b04eb5fcb82662484b074,25484042627249659270185559156990328242958747976031212722668944715476760456339,107950336633526403129313058854924310433087135185289083918990875355058892384517,2025-11-01T21:00:29+00:00,0.435,False
2025_09_KC_BUF,2025,2025-11-02T21:25:00+00:00,BUF,KC,0xb68c5e1dd36093e8c6a84cd74cc594a554c14de105a864e52e15b30c9070d34a,19795719104299485846917894373560267427991553371197569097227641277487949821142,65917319739772562504820506670350288370885418188944587671237125165834680505875,2025-11-01T21:20:06+00:00,0.445,False
2025_09_SEA_WAS,2025,2025-11-03T01:20:00+00:00,WAS,SEA,0xb8fec9331f5256027b2f44476dcaae997e5ca0578b14162065b967627ab1248f,16126447941741243646009200697191393858110060035256189860349292855193562134648,10243662252862889497013542607036318928703459368278265628967550250764806378140,2025-11-02T01:15:05+00:00,0.405,False
2025_09_ARI_DAL,2025,2025-11-04T01:15:00+00:00,DAL,ARI,0x92c868889653f6236d249420b9dec718d9403d7464874e8abac7709c5ed6d7e7,27111457052728638255346985838266559366949177977125402271284628598147208540460,51982724881285094739009623786153507099259754353883058632205314962929331504224,2025-11-03T01:10:05+00:00,0.615,False
2025_10_LV_DEN,2025,2025-11-07T01:15:00+00:00,DEN,LV,0x2a073dba2d819e790bac00f78b3bcc8cf0d408ca9ca7a6430ff4ec3669753c70,44931795065313152722342158903134819176272515669871500153939647454793893736696,56739734546936349248370588145366668384334188642136389127094118320204540503732,2025-11-06T01:10:05+00:00,0.815,False
2025_10_ATL_IND,2025,2025-11-09T14:30:00+00:00,IND,ATL,0x56348e19c5c507f80cd46336db6278b85dc75d6511f10ca2d8a85abe356a5b3b,15570258397550727735064026820128250447700889085006392145796221495960859781407,30837165323133099645423582515045596656193218165860593286000517809346766341684,2025-11-08T14:25:08+00:00,0.725,False
2025_10_NO_CAR,2025,2025-11-09T18:00:00+00:00,CAR,NO,0x5daf50568fe856ab892be624de6c38b371fa50c49c9d96163e698d197b95f2ac,28670093498981015034643656786392253841215143681782631327968029308707823659082,64392573975877383126637601606253359234083621852383879161728554866413426077008,2025-11-08T17:55:10+00:00,0.685,False
2025_10_NYG_CHI,2025,2025-11-09T18:00:00+00:00,CHI,NYG,0xa2feccb3b04ee9c6eb24a909471c527f7ab5773b010676a1a41b214d64e6be04,17703766867375437758997398647349971981135062273852592013626539778395163092810,62870889898562768347111320733563205389399892780044900717202376638454326571328,2025-11-08T17:55:11+00:00,0.67,False
2025_10_JAX_HOU,2025,2025-11-09T18:00:00+00:00,HOU,JAX,0xf1afc8d6d150bb942af398a2e615ddfadf83517234e32ba67adc47feda90d803,114511250920954818828303200932670073835569460284188247176034184201391357154927,111988170415833137223993164914752115023405351105653801105892274022608251350523,2025-11-08T17:55:05+00:00,0.515,False
2025_10_BUF_MIA,2025,2025-11-09T18:00:00+00:00,MIA,BUF,0xa5fd5cc8be03c69e838c826fe318429f79dab68be1c368236f34397ea330822a,81578471865863884379336532922783605009752253947380502563654170889680935138574,5281664714662552554784229907628307736097721364941102951436794410498697584740,2025-11-08T17:55:11+00:00,0.18,False
2025_10_BAL_MIN,2025,2025-11-09T18:00:00+00:00,MIN,BAL,0x71232d3f845304bf6ecc7561f91087557b459029f270a81224be5bb465efecd3,30245974456558599426576873254624876631524371311764880623863416574972393970440,80574898229396616025171212713863819191685941170898792272462229618039419663106,2025-11-08T17:55:06+00:00,0.34,False
2025_10_CLE_NYJ,2025,2025-11-09T18:00:00+00:00,NYJ,CLE,0xa93c32946452fe866431e24afc033814ecf381db22e41a130666388d5026ded2,13020260914645227380558994792023692805034807916995699446408912881431359892283,18697282296200126336163936883083037016614571962568691396290569631499897928338,2025-11-08T17:55:07+00:00,0.455,False
2025_10_NE_TB,2025,2025-11-09T18:00:00+00:00,TB,NE,0x6e863c5e698e33778fcb3ea9b59a91b9421432a682d895f20e9478aee97818ce,2314050593251215293224856687254767661289573050054771826112511651291335012157,83444682001043977222472893980512170254411619225758220152087299935733482696305,2025-11-08T17:55:11+00:00,0.565,False
2025_10_ARI_SEA,2025,2025-11-09T21:05:00+00:00,SEA,ARI,0x1c7a4b51e4b97122dd86e78d6b1d36fee5b60afead5b1cbd7223c1d60adc7a12,94163799388914652760402404203738304108601647345685932351693914218411136026296,34350932443209167862324272242075265488490756040597856417658021660254002477827,2025-11-08T21:00:27+00:00,0.745,False
2025_10_LA_SF,2025,2025-11-09T21:25:00+00:00,SF,LA,0x7a7865fa7da880d2b08c07be3a6903c16fe8366e367b57c2a8406fe501be89ec,5500253381130477632816369146254468009750402605370934992101714067292825209258,16774184966274762343827451711617077209514680800342742618690910259992520125722,2025-11-08T21:20:07+00:00,0.305,False
2025_10_DET_WAS,2025,2025-11-09T21:25:00+00:00,WAS,DET,0x4cfa84050fb82289dacb391f804dd20ec9dbec8b72ac1fd8759679759b2683b0,48858619429415574697177992706910949267694085684933546801240902050696914421024,113229921631902659890984694908643214056105499940067909211093656733726413480082,2025-11-08T21:20:06+00:00,0.215,False
2025_10_PIT_LAC,2025,2025-11-10T01:20:00+00:00,LAC,PIT,0x9b2f0aab735a59c6dd0d11d419f755f9ab1f011800dd65ddf22548475390e7b8,25241305441004653833865661117549062972146769315739284044666598007338376507795,82075995163179866588098092815488590581800306694009737628392024567771230122653,2025-11-09T01:15:08+00:00,0.575,False
2025_10_PHI_GB,2025,2025-11-11T01:15:00+00:00,GB,PHI,0x23e6e6f8a327a41bad1282fdc34e846f52e73e390d44b004ac92a329766e2848,36639623132301227904613582808258828700826403419756277345243708903772829378901,96862890109178096455851493719167165851624465904666998636429401260108897381878,2025-11-10T01:10:06+00:00,0.515,False
2025_11_NYJ_NE,2025,2025-11-14T01:15:00+00:00,NE,NYJ,0x40085cf91807e22a4a6bf725b6d0e4c3cc90bd588703e73bf4e486733a046400,100798007084625067429689035987349342772624885300235468575361163937810074785109,31805165493235506470713179998208127363916219073686660966161028190262361597287,2025-11-13T01:10:06+00:00,0.855,False
2025_11_WAS_MIA,2025,2025-11-16T14:30:00+00:00,MIA,WAS,0x2782940243313a63441048fad0f4e03a10357a6ce580696e94089ae65e0fa5ec,22776951792198989901599332235095417189247011626925750119899328010068892601326,79616770605343744366878573207605548786757875219866130855943415571155385616847,2025-11-15T14:25:09+00:00,0.575,False
2025_11_CAR_ATL,2025,2025-11-16T18:00:00+00:00,ATL,CAR,0xdbc1d30bf0a5c14034423e2244805d815abec953989ed1be10f512c68c1514be,45082141987689758674728324061905822559220331125021700585731988984548013732195,22528409334282609908458133828376988274628638848080566597476253206210736687945,2025-11-15T17:55:10+00:00,0.645,False
2025_11_TB_BUF,2025,2025-11-16T18:00:00+00:00,BUF,TB,0x3547f3c3a0a399892de7d6cf83d64a3de3a0a90dcc469438f2dad6aee4e346a7,50410465295561602484539622140803656029143670859130174324190904912762066289512,90768726556011274550544737789358094884397747923201944177360546822045455588520,2025-11-15T17:55:05+00:00,0.705,False
2025_11_LAC_JAX,2025,2025-11-16T18:00:00+00:00,JAX,LAC,0x363759df1577076ee1b9c17c90c578bc4fbe62af1723a79e0d2a3af0f145a6b8,62890239345868173455062826443013879704439860019479025302052675025042764513590,110558176679098307635437163558503895655290798157221945757197278611990796590594,2025-11-15T17:55:07+00:00,0.405,False
2025_11_CHI_MIN,2025,2025-11-16T18:00:00+00:00,MIN,CHI,0xb68436b387dd1c8206dea4cc8c4e9ccf5867b2c1816a73f4ffdee3ad0281f1c2,91171236475847414015492256581838896576851652336455427347339134930280955143869,98955396496589531494475481349799781353778903550749286213987812513868419716007,2025-11-15T17:55:11+00:00,0.585,False
2025_11_GB_NYG,2025,2025-11-16T18:00:00+00:00,NYG,GB,0xd6aa2b6c119726990e3fbb3280f8f48cbc92de17c71d93e9eb86019596b6ec2f,24456846538887739512232291364838054048028015579629104827346546293315255654405,37363436884881346959741752739715914342199430606149014949365926422093132942420,2025-11-15T17:55:09+00:00,0.245,False
2025_11_CIN_PIT,2025,2025-11-16T18:00:00+00:00,PIT,CIN,0xeb209ab26945337f7025190361b0dff0d52ee3c715b153fc226053ef4499c090,88435470117246487972521040130492275050096889589206763982829413155126230201991,103524787687733904423768738832345758859882103916534620077531106113335169899624,2025-11-15T17:55:12+00:00,0.69,False
2025_11_HOU_TEN,2025,2025-11-16T18:00:00+00:00,TEN,HOU,0x69526953f4c55bd0ccf4624b573440a0c10f958a831d6460439d346a06220d61,84053864079876649023775474777554205765051780469244294450215191425945207514060,107253584433158455454195069392679269272261404006675763789787962169007119873079,2025-11-15T17:55:06+00:00,0.295,False
2025_11_SF_ARI,2025,2025-11-16T21:05:00+00:00,ARI,SF,0xe1cf3458c0fab5246dbe7fa4b90a660db64e44907193ab102b7a53c2d87864ba,23391316818090946874149174287333175508282147779414912575248605895552223338574,107355572499670831952739832728655462151164428398105894304462046416551369150661,2025-11-15T21:00:19+00:00,0.385,False
2025_11_SEA_LA,2025,2025-11-16T21:05:00+00:00,LA,SEA,0x67ffe6f3e5e0c33f7572db00e445fe6b953830287bbabcf7462174351237b8b5,46562996049749092560459373302766877067148096377094377161833020447816664501516,28373402030955530754710156480389960759512993773015420649484943697594847206185,2025-11-15T21:00:06+00:00,0.615,False
2025_11_BAL_CLE,2025,2025-11-16T21:25:00+00:00,CLE,BAL,0x470ebb02b8768c834e8303a9ad95029efb9f500e55ab4689e44bdceb81860568,45609921526962696271723036058654403372269743077106168646826915796184873326893,40981393086603385888060591058616371164070056167194866028051539830867146988494,2025-11-15T21:20:06+00:00,0.205,False
2025_11_DET_PHI,2025,2025-11-17T01:20:00+00:00,PHI,DET,0x0945d0c320ccac0fb873093d259812fc05906b53fbc36768a97210a5c7a786ce,91302070883773251433697347298657003750923732397493636465309797535062331836827,38449643584855219675712567098770348672731137758929935331398923846088180142864,2025-11-16T01:15:08+00:00,0.57,False
2025_11_DAL_LV,2025,2025-11-18T01:15:00+00:00,LV,DAL,0xa0b22e218e9d820e26e0e7820b191e123a27ba4e522f4bf253c2ea4733076f17,101344774259650316724211209404599693908548325264700605600508921670126441643376,24134241107503107560090410709041215062347712565742158477797402057735704712249,2025-11-17T01:10:04+00:00,0.375,False
2025_12_BUF_HOU,2025,2025-11-21T01:15:00+00:00,HOU,BUF,0xeb9947a1c0f8d2ae1f1396510f2bf3832cb7d7156c017e772fea99d17c69aa5d,31149474806187214151277692806329730699771744216775511444579471749439077955117,65885644957074421656512068246806636427766547184549275790575586045095304152979,2025-11-20T01:10:08+00:00,0.285,False
2025_12_NYJ_BAL,2025,2025-11-23T18:00:00+00:00,BAL,NYJ,0xf9cf38849cbf6513c9ddda9c09ddefa8670f481f3a17740fcf5ad8f211ae4b28,49202930927469371850646776375492008068813771070146972615160028058138273604234,75323360565041001208804399987038946924155020649509005592405523172035709373965,2025-11-22T17:55:06+00:00,0.895,False
2025_12_PIT_CHI,2025,2025-11-23T18:00:00+00:00,CHI,PIT,0x57a745edc831f0f7df9321ca4d11f680d66d6c1d370821ef1cb2cc74211b4ae6,57695485934807365070493416090602801064600843598075896254162128122963318456958,63941953130675922831938381569690406053286494115240970260709696361486221457583,2025-11-22T17:55:09+00:00,0.565,False
2025_12_NE_CIN,2025,2025-11-23T18:00:00+00:00,CIN,NE,0xa4741df4f013ac2a7c5c44667074b0b76d1e600291a6d39ac6888428c9b07c02,24754176119052094358029186049757257744969442257253310616265435176907417145969,77794124883872795123205870307960584388653263576208757179922401452737988727574,2025-11-22T17:55:12+00:00,0.225,False
2025_12_NYG_DET,2025,2025-11-23T18:00:00+00:00,DET,NYG,0x904797b19e0b02e674d50135d92e70380ea137081e39b91b384263dc05732cda,113195166548756580710195498330042935657968734685928276426078945734997350685464,16838061401220841783988080115230390444342932907332623621738034093828615449200,2025-11-22T17:55:14+00:00,0.855,False
2025_12_MIN_GB,2025,2025-11-23T18:00:00+00:00,GB,MIN,0x3b7f17c460fb1aa8e1389081469979b2bf623e97aa8a939a501567a4f18b92a6,82049670978099075657898168346470502383785810643587032243119895231714257528361,75893363900931548551760380058421141261473949474684113746695486667464345019223,2025-11-22T17:55:14+00:00,0.715,False
2025_12_IND_KC,2025,2025-11-23T18:00:00+00:00,KC,IND,0x2b870064f3994875a3d680056bf9d3cdfd3f3e1785eb43e1bbe22d0021398f93,112985492010640841950454510438501555987749530613705622744892618363690330237976,34008882006586743025917171327631517196178656707550483813538223911544374700637,2025-11-22T17:55:15+00:00,0.625,False
2025_12_SEA_TEN,2025,2025-11-23T18:00:00+00:00,TEN,SEA,0x62eaa7c72adcdc168a9e5aeeb934e80f440646dc4bb2e036b9af8f28127c8397,96615784319063841053718831295715475605746995993881418881470118949587651673551,31977479552906200289981121014485959583357979010737288828222352121003666807684,2025-11-22T17:55:12+00:00,0.125,False
2025_12_JAX_ARI,2025,2025-11-23T21:05:00+00:00,ARI,JAX,0xa49b8d57250beb9cc0caed55fd4a5e426384575cd7088e62d7968c3f0f61cfc3,5607106365089631086090367594057597994932328896722880045972374167439013346412,58242744918691627434629907365192517717610895965047862020850496844313063805246,2025-11-22T21:00:09+00:00,0.425,False
2025_12_CLE_LV,2025,2025-11-23T21:05:00+00:00,LV,CLE,0xa52ec10f2737597c9df1b413108ab1310eb3011d907c2f11fae5ed6920deb41a,77961796128678747922002435397454508780489474511740461826643742484426678878895,75406089498729782122948257300680106202036212700852720287122535131129795599718,2025-11-22T21:00:15+00:00,0.645,False
2025_12_PHI_DAL,2025,2025-11-23T21:25:00+00:00,DAL,PHI,0x1cfcf352fdf74b2cd586c1017976f0427020e4c488671af9700cc86282bb3cd9,31078956233786644681101916072096804089722989847679331352943633502664990586878,39408250058331356583513319482175723310543231295440838114252107700352722448539,2025-11-22T21:20:21+00:00,0.395,False
2025_12_ATL_NO,2025,2025-11-23T21:25:00+00:00,NO,ATL,0x1464e1fe9b739dd84a41212e1e58d7c7c2b376a3f7f91ac8cf5342c5c0bfc947,100674231865294613877948406003287231371694935083867376610276731596899497627050,78800772768416362702534104256331809898383184630630926535335196936379657326265,2025-11-22T21:20:13+00:00,0.55,False
2025_12_TB_LA,2025,2025-11-24T01:20:00+00:00,LA,TB,0x370d8460a2ef6df30226225629d939194b3c5ad7f534af4edae0caded973aff5,69411959264381172197063986815009394918844847322496694594415740948104991940958,85289626455286621741147466960306344849967684242945968219221967501261359418734,2025-11-23T01:15:07+00:00,0.755,False
2025_12_CAR_SF,2025,2025-11-25T01:15:00+00:00,SF,CAR,0x1ef509d0d50702dc74e6c7d5d4c42cb863ad3cc70cac4ecd61eee7afbeb5aa0d,30808133241504431384223848542444511977617388378779444153019539021763641141484,57511620734932740705817278005912542279374626766921773508733712770886343064972,2025-11-24T01:10:09+00:00,0.76,False
2025_13_GB_DET,2025,2025-11-27T18:00:00+00:00,DET,GB,0xe77c389d59082205bc4f8881a21902aaecbde16521f6182f6a7782ce710905bd,18949145365566263836636692861634792356224805061196179631654471895382885532730,84523883509021770755292675496641711110477312834692043300083328776043775965208,2025-11-26T17:55:14+00:00,0.585,False
2025_13_KC_DAL,2025,2025-11-27T21:30:00+00:00,DAL,KC,0x83b32407eb2c89ac34e400dc41dc80dd26d60d3fea823054a972738d16d10ed8,49380715182446926317246860961188578370185264154666110778660777174117258896871,14215175022187003453415954495706037647589075082501436753196249065748822209265,2025-11-26T21:25:10+00:00,0.375,False
2025_13_CIN_BAL,2025,2025-11-28T01:20:00+00:00,BAL,CIN,0x53c099f2ed67769769fa4de350f85bc4108aa8d0f682e28a2aeb4759a7d08f6d,42455302023385687133705801833123319408473068146811831502809067565809776638056,34263170192678509613984142997412052653559758038927875904042796579650705664225,2025-11-27T01:15:05+00:00,0.755,False
2025_13_CHI_PHI,2025,2025-11-28T20:00:00+00:00,PHI,CHI,0x34f46b40cef32be892a2620f2aada017e0a763db6e0eb36709af3738f755effa,84134877244169707073683703226401706914917796118560069306442940956904390275454,45907344849959016411507099685345918340336113777949461359450849299920020315133,2025-11-27T19:55:08+00:00,0.745,False
2025_13_SF_CLE,2025,2025-11-30T18:00:00+00:00,CLE,SF,0x9277b62d650c0cb5af272217c5fee25b81c757a98dcb645b677c2f42b247d868,18205466478803806930163691288182293074807545584289283458829490737168343609533,9243466947231250194977359257670460859237407270732783999854545719934720208944,2025-11-29T17:55:07+00:00,0.305,False
2025_13_HOU_IND,2025,2025-11-30T18:00:00+00:00,IND,HOU,0xa61c9b599232d07888c755c0ad7e47295d8562f4aaba9767999127e085e72325,48095468561831862491879316656905060650809394840622308733655881118885439979288,10510863190237431708823232290393950057403776447786713941222628195611351069224,2025-11-29T17:55:08+00:00,0.635,False
2025_13_NO_MIA,2025,2025-11-30T18:00:00+00:00,MIA,NO,0x04f68fed65c7436d84cd952dd334c5fe543e54a32b0d7f148d494e1eb8301a13,64432665449595740599727619900323661191627313633304792058107527797045087114880,6503628095713387410701029096278006172961879938968135888407098706912163525970,2025-11-29T17:55:11+00:00,0.705,False
2025_13_ATL_NYJ,2025,2025-11-30T18:00:00+00:00,NYJ,ATL,0x3ca2c3633c85a89015385adb51e3d22312649c27bd1cbd61b21f5bd004540f16,113899950688837152462053407254814397716940713955437930740348149626025174021009,35457645250285737300059866499952737096076856130872916186696918281030695805483,2025-11-29T17:55:07+00:00,0.425,False
2025_13_ARI_TB,2025,2025-11-30T18:00:00+00:00,TB,ARI,0xf7742406d5edcdaf4449833f64f2d9ec32da27cb0a0f05ce057447dcbd5f85d3,13823654626938851902136901364199056089928887091742273038319975256262833855575,79582254082838461298332796975720054327136374562196770992070812664072096367481,2025-11-29T17:55:12+00:00,0.645,False
2025_13_JAX_TEN,2025,2025-11-30T18:00:00+00:00,TEN,JAX,0xc8803b04ffbdd97046dc85c2c0581bf5f28807facd7bfdad690d782234b48b92,32081096302490921325909060074640629885792410806783186840299135224071592693518,74654946767577055002702765342063469582461679373110989939681300432789208674075,2025-11-29T17:55:13+00:00,0.285,False
2025_13_MIN_SEA,2025,2025-11-30T21:05:00+00:00,SEA,MIN,0xc8fac6008bd93871d0e948f30f3cc172f9fb2786fe3beac0937af2073ba76bf5,72903927542591969916182067651677213419016181973769666759309696706172542176179,83907909101241172658218286195752010103014339994778458799300001300950981270840,2025-11-29T21:00:41+00:00,0.865,False
2025_13_LV_LAC,2025,2025-11-30T21:25:00+00:00,LAC,LV,0xd7aaa38fddf1d03f45d67f0bed8c7b2b95bb3bfab6c2010f2d1bd8ef853fa0b1,89447881137704249615435806536769037100886844488041341115750854616884237339375,31203583407780506671061523550398226296051359447954104564480238058191336672759,2025-11-29T21:20:08+00:00,0.815,False
2025_13_BUF_PIT,2025,2025-11-30T21:25:00+00:00,PIT,BUF,0xd8e19473a9885cf6f5493723433806197b80d78154858120d770e6be0c67bd88,86470425620385876691058621845664258747850342502234810571644358478961867610720,111438321982214808947405390477217950574145926651350669978740377385110279570932,2025-11-29T21:20:11+00:00,0.385,False
2025_13_DEN_WAS,2025,2025-12-01T01:20:00+00:00,WAS,DEN,0x302bb4d901c8fe550edede68f63e113cc83ae0d910258516080e8c56c79a44ea,97388455758572601868881827637172027879542430347516014763876340575431177931407,75082758571928648388994620953818770642472525287748260375879714018933222579981,2025-11-30T01:15:07+00:00,0.27,False
2025_13_NYG_NE,2025,2025-12-02T01:15:00+00:00,NE,NYG,0x8d5ec7deb35689142a556ef4bad22c3347bc4cd0da1a2839c7bc616d4de2f842,32534451733605880692669101783529402134907069894423637724992299233457294113518,7511499185828166281990787054010631371521174894041033879478601287783310781033,2025-12-01T01:10:05+00:00,0.765,False
2025_14_DAL_DET,2025,2025-12-05T01:15:00+00:00,DET,DAL,0xe6f492eb15583ae324d43e987e3ad1b7bd1a86690b3b62a2843162278ff7af0e,76670260365725081013616453394969120074034107307018786395213802664282542610427,108243406819495224689191757149688176987989236847880926093693951763469278632733,2025-12-04T01:10:10+00:00,0.595,False
2025_14_SEA_ATL,2025,2025-12-07T18:00:00+00:00,ATL,SEA,0x07fdb434a81996e35e05aeb4d7e8d9f79866a6ed435282489b50c9a781c0734a,114275732512524632281168619582928768074383198761925467804087432025991808696004,97503642261724785867170248516772631906389718468911934099041617819193390684815,2025-12-06T17:55:11+00:00,0.25,False
2025_14_PIT_BAL,2025,2025-12-07T18:00:00+00:00,BAL,PIT,0xa6306a4dc9e38a6a670a0f6806eb60414cb6a34ac75122a46470d21e91d5b1c9,6616705927080033135486700073446736164709629656255759347302290662276415285021,79702010805806769069659302105802970878756544796392656506440765941101421086291,2025-12-06T17:55:07+00:00,0.705,False
2025_14_TEN_CLE,2025,2025-12-07T18:00:00+00:00,CLE,TEN,0xc70dd85fb84ff5a7fabb683ae186c627984cdf84dab19eeabaaf4cad0798ac25,64368561822848869163627538747561981177193844360327789754467052315201173847192,9261406410389853807499702673992389832414897609870223945701613424195044467569,2025-12-06T17:55:10+00:00,0.645,False
2025_14_IND_JAX,2025,2025-12-07T18:00:00+00:00,JAX,IND,0x70e64fbc50b7ae33b9b409d5302a5a920f2a39eca2d1c582970c75b58556884d,6133243779863820063815215714399399270395775105498705074374909075195879088694,28088894793576591365754110852221855247039189241642877116427486810082128427600,2025-12-06T17:55:09+00:00,0.455,False
2025_14_WAS_MIN,2025,2025-12-07T18:00:00+00:00,MIN,WAS,0xf3cf254d616431b7610c0829d5b26c06cd33b3123dbfd59e75c98072b5c6be74,17992792905693433437411848402224838431827191137923115627634621974781692580619,102237225264942604517634663904897496006306181441593377792023682404287927398200,2025-12-06T17:55:11+00:00,0.475,False
2025_14_MIA_NYJ,2025,2025-12-07T18:00:00+00:00,NYJ,MIA,0x8a3b6a72cb67360355ae39548c2c6315c621e5365ec5db313affbe67d5a9a658,84640437444398390652855698537120638718944764236922856888644461542002849709924,21565340566819129408679338993460565460270016245226727868807578393968385082479,2025-12-06T17:55:11+00:00,0.425,False
2025_14_NO_TB,2025,2025-12-07T18:00:00+00:00,TB,NO,0x2d862d0ae6e7abce0adb9c116e769e2e9c6af7050f48adcccf45c9a8b4c182a0,82705267027025410787421336887188921561676607490372177128640065189987719973877,3683632643504041338618490122011551373679745709196417439043187499441467778137,2025-12-06T17:55:10+00:00,0.795,False
2025_14_CIN_BUF,2025,2025-12-07T18:00:00+00:00,BUF,CIN,0xde17506a2d490c50bc61120c0ea01b2d354d46deaee64951c78ab7c9d844ce15,98849891844698895104824830957108245602786200798189369118615093877689016889268,103846467586804351372563198397230756303898119745610821778457852555635400333787,2025-12-06T17:55:12+00:00,0.72,False
2025_14_DEN_LV,2025,2025-12-07T21:05:00+00:00,LV,DEN,0xd25640cf4d4cdf40fc7f6588730a80ff19b1902f58902a76514219748842c65a,54932035880679218716748269060718131350856398120085594853397430314349747880797,110266154808576175866564281306232214639042147892060269461397430800720118524150,2025-12-06T21:00:06+00:00,0.215,False
2025_14_CHI_GB,2025,2025-12-07T21:25:00+00:00,GB,CHI,0xe7aa655c5b36c563c2388a1ad2aee7e82c096a4ebe6ce0faa5389516593efb17,109007543191966761352879180997400951391936026410100880456819675431819785662896,23852692705918056263361088862327787297271870184240255972437510183283672881336,2025-12-06T21:20:10+00:00,0.735,False
2025_14_HOU_KC,2025,2025-12-08T01:20:00+00:00,KC,HOU,0x61cf5315ec6aa4c6563e58a4736bdf89633ec2b5c9f2e2a6977cc7544cd6b916,57330836821370853291772255895453209745188319913032746158844755910375983689547,82263437028976937938917692119085850534298447420831840197176963793365472027050,2025-12-07T01:15:08+00:00,0.645,False
2025_15_ATL_TB,2025,2025-12-12T01:15:00+00:00,TB,ATL,0x5afe56d5f7af27a3f41304325e8419244aff3852125f3af57702c67a203ee889,16766760816722141507108662504503436202733008849407635554299561615829081701322,108212120225275227499954664361283850115878666320584859831329021059962687827287,2025-12-11T01:10:08+00:00,0.685,False
2025_15_CLE_CHI,2025,2025-12-14T18:00:00+00:00,CHI,CLE,0x622e7c2e3e246364be3d4790364d91fa1cffdbacf988a06509ed708b6d1f28d0,67697688599031085516636076150194035723261554221652911664005153025006848693299,9758293011596290692308950871271708826639335577096242546807215457121882891910,2025-12-13T17:55:08+00:00,0.765,False
2025_15_BAL_CIN,2025,2025-12-14T18:00:00+00:00,CIN,BAL,0x6afc1778ee583775cf4b05499ce4cc34b4b4a3a7d7e351941a4c90c8e330014f,13484726213186330594403690348612669450297035718033171258768095833287218272016,40616413829951366228669990519991442493076437145760061788606256967024174219577,2025-12-13T17:55:09+00:00,0.415,False
2025_15_ARI_HOU,2025,2025-12-14T18:00:00+00:00,HOU,ARI,0xa3cb3268c89acf56e5efbe7c2a0a63b01cc5e0e4c0805a7106327a1d9fd4b0e4,97962588334879749374252352550950139474745010791582024507059982435714836473585,108076571076544921920786427586474164498072679953687687939147884278116386541908,2025-12-13T17:55:10+00:00,0.815,False
2025_15_NYJ_JAX,2025,2025-12-14T18:00:00+00:00,JAX,NYJ,0x92299e316996773f93a97e601499297d9d2e20fa841499f1cf32977b1a834a65,28512656905308345634871175641858767961132956073778208060881525456672410418239,77854106765456953613284988488918803055281735564431321569609229978239248023908,2025-12-13T17:55:11+00:00,0.875,False
2025_15_LAC_KC,2025,2025-12-14T18:00:00+00:00,KC,LAC,0x1a3679091be1ff7d8a7f5d550155b5d893741c5e1afe00e52ded96510408ce5f,104504519962936056868725951184585747946221581366623361042374611137278655812716,102255839334424978008959940819228098602655600371148683716735713868066225478733,2025-12-13T17:55:10+00:00,0.705,False
2025_15_BUF_NE,2025,2025-12-14T18:00:00+00:00,NE,BUF,0xa3e1a124a8fcb85e220a60e52049d1ebd2afb87fc8034ceaeb6567c8b968239e,52240534597876551731169435563386055088454147723882459956480017363260963625822,63318541023611879372668088232945116356843392132099065902537104234302958593551,2025-12-13T17:55:08+00:00,0.475,False
2025_15_WAS_NYG,2025,2025-12-14T18:00:00+00:00,NYG,WAS,0xf8b52d9991c5c5359412582c94a475d592168dd37ae6a8ec9a6b9e5bff0194cf,111908270448110940812631149204262051435441577786660341455469520860410442054371,75550100348290995994172953800500008236161636668793692312150253547268929606945,2025-12-13T17:55:11+00:00,0.575,False
2025_15_LV_PHI,2025,2025-12-14T18:00:00+00:00,PHI,LV,0xdd3b4e4caebb1e2db713d4d78c04b2531e1997d410dd6336463bb2e6328b9c62,113494951565113708623527451359056730984243476958240143705876758962347437461320,56803273989127966048505305020776056579493521419560137019624502722190204720032,2025-12-13T17:55:11+00:00,0.875,False
2025_15_GB_DEN,2025,2025-12-14T21:25:00+00:00,DEN,GB,0x339b3403a13323a31c6004569650cfaa3300989345279df9b9a6fe1ce060caa6,31766202685086050159870137877819664313790298201404143403439200289763238160541,77074150187025432680174900920098621628568203058388799798842488328627322608778,2025-12-13T21:20:11+00:00,0.475,False
2025_15_DET_LA,2025,2025-12-14T21:25:00+00:00,LA,DET,0x4896995cdcc973bba4ebe182f928324d168830308ff68eaedd9735a99ea963c0,14620495499810166886640315013497801856604493358523172854619558667169678395656,79638985970326400341372753772294140867656219016193008536843448996845107410330,2025-12-13T21:20:12+00:00,0.695,False
2025_15_CAR_NO,2025,2025-12-14T21:25:00+00:00,NO,CAR,0xc486ecc53d9484cf29da644ec1855776ca93abde10c3f4a3fc8f13f22cbba24d,66613444439665837597247321238237085750475434098482799139951691222487379614319,40092713679230552071377062781904007799757803259494535232752244210295847255336,2025-12-13T21:20:11+00:00,0.405,False
2025_15_IND_SEA,2025,2025-12-14T21:25:00+00:00,SEA,IND,0x01c17682836c4df18653f18cb83b894592b1c7a883fb0ebb6878ec1bb48ea7d4,76736749499245871023336254064476905793437648006539554824806610687428240994266,108150027309769549188092338358995062947567126898812133696496790931097007323946,2025-12-13T21:20:08+00:00,0.885,False
2025_15_TEN_SF,2025,2025-12-14T21:25:00+00:00,SF,TEN,0x72f3c89aee1abc48cb220a951325afc84b97c96dc25b583a1061a17ba0230fa2,69797126481166711223247897836208040020836372877196479370974467824925882958060,114689291516289405540584011748153597220134766540450926493841075805129633457886,2025-12-13T21:20:12+00:00,0.875,False
2025_15_MIN_DAL,2025,2025-12-15T01:20:00+00:00,DAL,MIN,0x707bb157a2ea43d2da72c850141a668af164491e3b63e81cc2da10cda89e3dbf,100881966833017580085793670140442787898015776759493292696810294145009471779456,40329416464427335447726529882514860761387941285708228805997623392308004238568,2025-12-14T01:15:08+00:00,0.705,False
2025_15_MIA_PIT,2025,2025-12-16T01:15:00+00:00,PIT,MIA,0x1f1ccfe2166c17a3b89a339b847e2e12966463a8631318aa54ad754646507381,10393991088398362580637323986875140816269373785067611836372515912581430317908,53863955088779009407284117389566755030873972976669059506982181398453613577969,2025-12-15T01:10:08+00:00,0.615,False
2025_16_LA_SEA,2025,2025-12-19T01:15:00+00:00,SEA,LA,0x6749b632cb9df8883a4958aa5493e50f9bc71dd6597dcefaeb7ee401c2c790ae,19013695795359234386102336702012243337433077945287944128771047564291472151753,88846013305395560410934034826830081843978957780271376465228392651201770929802,2025-12-18T01:10:07+00:00,0.535,False
2025_16_PHI_WAS,2025,2025-12-20T22:00:00+00:00,WAS,PHI,0x483b9ff3369a7871e88de7c0d6cb10cadb334fb6dcad766f439b9cb69e14e827,74349183490079698227208217319859256216421371783649971257502006682057417382055,113363077069015448538122512240711174749559162563733049209873259809066273054395,2025-12-19T21:55:07+00:00,0.255,False
2025_16_GB_CHI,2025,2025-12-21T01:20:00+00:00,CHI,GB,0xdc944e324af1531c6eb13636e109cae5f87268da1763f17f97f4f84be0356f99,108556272135611085476209051868114592945929941199098676221190588842285638431205,33171460998925039771657028011319759168463504237331985201792737812865385522367,2025-12-20T01:15:12+00:00,0.535,False
2025_16_TB_CAR,2025,2025-12-21T18:00:00+00:00,CAR,TB,0x0870868fef14ce6d9519b705688095782265b7fd6c4ed8d659ec4a2818b370ab,102570258720948143907429507225813690254477718411694933299105770763604685702854,60096059778052200160095486818040624185631082887206617733887447551008087471257,2025-12-20T17:55:09+00:00,0.405,False
2025_16_BUF_CLE,2025,2025-12-21T18:00:00+00:00,CLE,BUF,0x88a1edad9dc7b77efb8fb0b9ffc09aa6f112342cad5dfe3a6475eb99599c30ed,63225394413900921166191459517836451323984210180377399145413422767028257842652,2694081799230126248390481278428339045407855745003801650934516740692014238329,2025-12-20T17:55:10+00:00,0.165,False
2025_16_LAC_DAL,2025,2025-12-21T18:00:00+00:00,DAL,LAC,0x795106b05c543e7aaf06c998e07cc42a07287a6b234ee793cfe43b28200163c2,73582218226716770401234077986084042436666229240345112455736858508262602815933,3544747547225867259138178781913934171255697196708144729174720787129127288449,2025-12-20T17:55:10+00:00,0.545,False
2025_16_NYJ_NO,2025,2025-12-21T18:00:00+00:00,NO,NYJ,0x59f8a6393b65feb7ec1c94376f1be0fa1b733c8b6962a085211dad05fa12f994,92864537049110292677908707490699323618652803350870329931595353512777353161218,91281003295265899777485086754172798647350192775161369704147816504301286126244,2025-12-20T17:55:10+00:00,0.715,False
2025_16_MIN_NYG,2025,2025-12-21T18:00:00+00:00,NYG,MIN,0x27541f1ebf40749d3a0ad7a381161ca5ae514fcea25ea7e632dc5140dcc39a03,21856801620705270965359981485112745905291005095805570828454247531377572071217,31904784244623552897595359412481572008321434326340332898645616472050103958287,2025-12-20T17:55:06+00:00,0.425,False
2025_16_KC_TEN,2025,2025-12-21T18:00:00+00:00,TEN,KC,0x5beabbe6b27dc3778f3030fa8e263117deca467ca2bd598745f2c52077ed6367,25513572711434109390345202293290831502126073779512782694502133811884472791449,10797939386840672025787981542525880291166094751269292279438093487332104418035,2025-12-20T17:55:07+00:00,0.415,False
2025_16_CIN_MIA,2025,2025-12-21T18:00:00+00:00,MIA,CIN,0xd2e6ebae147d31c1e593ee1898e9aed2c72a618ea87e9fab79c09d112a5b49de,86304029933533970328713164249282294410141742337274957513308349812221385447160,108311400859963986137343901661453273694452379143226337191724352469909216055931,2025-12-20T17:55:09+00:00,0.345,False
2025_16_ATL_ARI,2025,2025-12-21T21:05:00+00:00,ARI,ATL,0x276f0a3a9032afa889f8e1b1dd67278cf74ed1e050c79b9af705f946467ab646,53753937621161930988279043247218444150473250979023716142170561889227206598193,50430883693112871419723117052624580567704042422366065369589393963150733312601,2025-12-20T21:00:11+00:00,0.415,False
2025_16_JAX_DEN,2025,2025-12-21T21:05:00+00:00,DEN,JAX,0x1297411bd6fc4c348beb7c40bb539c9c0ead7e52e2dd590dacc4c32cfd518697,77882795944057553119577853171343226617974425263074442660567753443777789741513,91836377128141018858160572443209159358367149027141366040062493099049454231201,2025-12-20T21:00:13+00:00,0.63,False
2025_16_PIT_DET,2025,2025-12-21T21:25:00+00:00,DET,PIT,0x913b67f7c8b370247f1370cde82e3fd661a5449f2573ba271bce95d47c442784,101826846560745178507633224740111435017382320410067599489651900613730905907241,108465548081675802811225471678304469331336974462287589117057515243967436903282,2025-12-20T21:20:10+00:00,0.745,False
2025_16_LV_HOU,2025,2025-12-21T21:25:00+00:00,HOU,LV,0x0e4ccd69c581deb1aad6f587083a4800d458d6a12f3d202418a53e0c40b18c5a,75714820514299956144730226470743159854969491198234978874353280785563065927948,98887866198292073150367726181890783875684459618704490275180611766628774252411,2025-12-20T21:20:07+00:00,0.895,False
2025_16_NE_BAL,2025,2025-12-22T01:20:00+00:00,BAL,NE,0x780408b161c548a5c66166ceda66e0d287ef60c2725c36acaeb0cb2bee1b3720,17958134815797547444807873338984151775229286546517894725315821778914563806151,42299543267092311961631486099446334759620893411429619545551208059032546587031,2025-12-21T01:15:09+00:00,0.605,False
2025_16_SF_IND,2025,2025-12-23T01:15:00+00:00,IND,SF,0xfb54ac8652e65ab1312a33cf96a45204c56b879e20e9f24a09f0309eacf52950,114619699872392735626886096528248233357186746849880911242778991168413171529100,85455113016431049626358535958294679323212801434936446670950500092521192392446,2025-12-22T01:10:09+00:00,0.305,False
2025_17_DAL_WAS,2025,2025-12-25T18:00:00+00:00,WAS,DAL,0xe40c7aeec6181070cdd9bef07355ff33fa21292998a18d8420a16f909920f7f3,10703578197039316169073710020165071263746503460846121576945592953910955751574,39741468584944427961625620706633894157832774130077499570942932667452099381474,2025-12-24T17:55:09+00:00,0.22,False
2025_17_HOU_LAC,2025,2025-12-27T21:30:00+00:00,LAC,HOU,0x6a84be0c820e4eafcfd2227894c239cb600a4e8a0073e77cf67903ae015cc71e,66505593931173762559739994147404722634137806147436559163462372095501200724431,19165851215407134086264878404868477335229661577693324749321152643356423889292,2025-12-26T21:25:07+00:00,0.53,False
2025_17_BAL_GB,2025,2025-12-28T01:00:00+00:00,GB,BAL,0x6afffb701b4227dbd4c399523a0ea7b9169614ad168ba852dd832afc8caeee86,5011372677829660712953281699910973269647418696475382315842932138492440463792,94151132652556398897966832966820303807252393112229047465223828277052199339425,2025-12-27T00:55:10+00:00,0.625,False
2025_17_PIT_CLE,2025,2025-12-28T18:00:00+00:00,CLE,PIT,0xc8573c0ad6b68fad53be3155a6b7d9ec9feb73ead2e687d6608e21db31fac060,2512828092906893250945666844719826696467466464821263359176001892224942518486,35319136772664460062830087652426115398301876519615722854872192862172221900693,2025-12-27T17:55:10+00:00,0.375,False
2025_17_JAX_IND,2025,2025-12-28T18:00:00+00:00,IND,JAX,0x7ff4d6d22663bf8a2b1bcc8ff8755e5cbe02853401770a41d94cfa8933e7cd05,107577556368133713075981737658563193097444119207091342856919638507207809454048,39938645296934007979224281788373256627702683313534167955171207047631445080333,2025-12-27T17:55:11+00:00,0.295,False
2025_17_TB_MIA,2025,2025-12-28T18:00:00+00:00,MIA,TB,0xe6453a6b4d324dbf466b2b487a8cae605efe1bb306781d6e20137a06e1d05629,109711686053577617606790605635485761972176141973554481051354019819993988680359,25116216635298768803669261366065620430627559256726049192563344119195592285669,2025-12-27T17:55:13+00:00,0.305,False
2025_17_NE_NYJ,2025,2025-12-28T18:00:00+00:00,NYJ,NE,0xa604f00e480c14d84558fdd0cde53d074b7088ad3906f3293de47bac4e84ca03,84407207611154783852278314791567047144308148736319790179364102992776529138095,7754656670154736480064492233657899519262003866108928015722717350137458323600,2025-12-27T17:55:09+00:00,0.115,False
2025_17_NO_TEN,2025,2025-12-28T18:00:00+00:00,TEN,NO,0x91857a9b110571a0671bfe7eecd0fe2fad6f9a72f19a186ee194e8d79a7d0e2d,97501908631744020777273762687054039804076188475051894298522519165483518263642,45813567957471427072856299100291372213226435992426783624528300972413900673845,2025-12-27T17:55:11+00:00,0.425,False
2025_17_ARI_CIN,2025,2025-12-28T18:00:00+00:00,CIN,ARI,0x2bbe918f885f7c4f36bdf7c2e12617c6b9412739411f2079d451cd3c76bfcc0f,1420448755108616728015359020872338952793451232921695504682209726845790813113,4561664786248714063966291905388461262511793539888945038478560425313526489957,2025-12-27T17:55:10+00:00,0.745,False
2025_17_SEA_CAR,2025,2025-12-28T18:00:00+00:00,CAR,SEA,0x54b2ed0354ae7892a806190d68601310f5d0e72dc30a256619a30d298bbd04bc,64137491040250080613697126963210296995109769804178480203455222490172699788789,64013093567613707414633994709577004068935749409117838405922744930265081840794,2025-12-27T17:55:13+00:00,0.255,False
2025_17_NYG_LV,2025,2025-12-28T21:05:00+00:00,LV,NYG,0x8cb5903900be71bd747a87c038ba97f250900813035f19cbf71da366fac6c280,33566079885445560469389463113194331939749019446295875471687366161299733602645,73918557025200502509758871521442098141094234730265102200780859356079067046938,2025-12-27T21:00:13+00:00,0.425,False
2025_17_PHI_BUF,2025,2025-12-28T21:25:00+00:00,BUF,PHI,0x1892e09a862f12c9b3488e14b3f4f87f3eb7fc92d2d8a6c4191337fb45c2d884,16216124987381667356837514367714525156145757495817114993312011534517734248130,19345410866584507430761466819893502483124174707649321463057873249136552237344,2025-12-27T21:20:18+00:00,0.525,False
2025_17_CHI_SF,2025,2025-12-29T01:20:00+00:00,SF,CHI,0x5543372edec0f4bd2a6d191a495b25dc69ed24f9c9d7018f73349e6683286ac9,22465344107299118000704711631266465341167530093445920922211578467586156278393,105725962544656434499219407707860987545196129466178717206445293046502222676953,2025-12-28T01:15:09+00:00,0.625,False
2025_17_LA_ATL,2025,2025-12-30T01:15:00+00:00,ATL,LA,0x7261b06fc5515452b81b4831e158fd45730cfb56b650518af48a0393a99bbfae,58858799465005258410985688048653459084062219365546748920923204823234728771125,26866600765305490078342430550218784410180356858805681175079156575407694444255,2025-12-29T01:10:15+00:00,0.22,False
2025_18_CAR_TB,2025,2026-01-03T21:30:00+00:00,TB,CAR,0xa6535047a0fef371d1d1b44693508960eef82c53db3e311df0ad5c6b650d810f,8147731291033356357894751432964177839395250471598226673053314264494661399199,17446216351113598897508590865321199197538163775602961072950110472131448366659,2026-01-02T21:25:10+00:00,0.585,False
2025_18_SEA_SF,2025,2026-01-04T01:00:00+00:00,SF,SEA,0x386c70eb5b79e8d6b05bc371033387f0b9a5d93180429dfc6f13fc25dd526adb,100645527814308590060521372250066757846332265057837350946883863116005106188331,3251193480339149518799760386941085664745837536225926679336271787273714710544,2026-01-03T00:55:09+00:00,0.435,False
2025_18_NO_ATL,2025,2026-01-04T18:00:00+00:00,ATL,NO,0xee5a2f40b80ea982b65d885d29176075c665ce2764b059b5cdcb7f5022d99f78,58368477691433574792827885305391567446171999239863061163263195010050069058375,53341722503261201043278770235182944225785835463345892278810120398120864435914,2026-01-03T17:55:14+00:00,0.635,False
2025_18_CLE_CIN,2025,2026-01-04T18:00:00+00:00,CIN,CLE,0xa85e6384d70d6c4554933012b3706dc6be564da7457e86d6257a6dbff55de47a,1584807977254054101032910000972012716295228834844028580814161064774007119578,60947372318264967352868917681529573153371251395949004174223447794401205509887,2026-01-03T17:55:14+00:00,0.765,False
2025_18_GB_MIN,2025,2026-01-04T18:00:00+00:00,MIN,GB,0x26a2a6bda3dcda2750a7b022cb63350b23f1813c6da6ee1ef8f086539b5380b2,30589447588671635680788778337567038477296878855082011764758546868539942912035,7258569089099615802570416096492748827728264134399307827141410253825926929061,2026-01-03T17:55:10+00:00,0.795,False
2025_18_DAL_NYG,2025,2026-01-04T18:00:00+00:00,NYG,DAL,0x1f2b0f9708a817126007ad267eaa626116a0187c4ae50ea99883e7d4ef7b7249,34858339292532772135546673029281496732736153144595470591713451428286940819015,111846985470052196531467951040868616266262812222693515253124115913434768089552,2026-01-03T17:55:12+00:00,0.365,False
2025_18_TEN_JAX,2025,2026-01-04T18:00:00+00:00,JAX,TEN,0x74d786eb72f4de44cb39da160a401bcd1a7c390ae03963c1dc13565cc337b9f5,71303468412733771123982749288112919392250086664763383795369770107140847295010,47307422598437525577668215302269108720071812363841701572553050535457824846700,2026-01-03T17:55:09+00:00,0.855,False
2025_18_IND_HOU,2025,2026-01-04T18:00:00+00:00,HOU,IND,0xd9882cb6645c3817dc4a7101661558d56e36d101433d8db8fac85730e01333e2,89981370301770407634341662393855330398640008542166147565590960302169306755403,45177643870803748796515279426055532043066104091938752519942436524213647928951,2026-01-03T17:55:10+00:00,0.825,False
2025_18_NYJ_BUF,2025,2026-01-04T21:25:00+00:00,BUF,NYJ,0x51ce2667ff49e6ccbba8a60880073fbfcbef8596995ad7c4143d264d0393fd2b,79229325148593850047315398858984525450865101602706144369871910723112622751924,33599794431256985137717081860310736391910759897788572397681012052294719097147,2026-01-03T21:20:13+00:00,0.785,False
2025_18_DET_CHI,2025,2026-01-04T21:25:00+00:00,CHI,DET,0x4f1d9ad2092d7a2feb4f10509f3c5800298f071e9272e87c41a5a672d3b0ba82,27046640920714430198587189616056819275651158287779978864149976832975445376520,93672947659186859874055422162213690036444848388875252851692223140967843794529,2026-01-03T21:20:10+00:00,0.615,False
2025_18_LAC_DEN,2025,2026-01-04T21:25:00+00:00,DEN,LAC,0xa71983d3fd60496758d0da08c790b8720bf3eb4d5612b6f2df5d7f2ebb7a32f8,2874814773671486311767225704003144047408838304113450254771693479746876828193,7482598770588443218130687790479363409635862639070829685442837700324872461741,2026-01-03T21:20:13+00:00,0.875,False
2025_18_KC_LV,2025,2026-01-04T21:25:00+00:00,LV,KC,0x7b718a0402aa0bb771e441d60402fef788a965c3a4b79d2de5fc053dc705cf45,49955239663082748698309777249274495210397783992790842996875146245978725346769,104465320832712806884160011396226605463701195471794239909251623428149610548879,2026-01-03T21:20:13+00:00,0.295,False
2025_18_ARI_LA,2025,2026-01-04T21:25:00+00:00,LA,ARI,0xdaa4c05704bd2a091d3f68da5de24f4525e766a862084d33599c4a7a9cabff9d,70025976021338934332587913867283699339494337786797164816747046705513930977670,97525673085033981087725580864624681716392472886095465812764603266731726809092,2026-01-03T21:20:08+00:00,0.795,False
2025_18_MIA_NE,2025,2026-01-04T21:25:00+00:00,NE,MIA,0x5a6e1c5925817f6cf7b5fe1d0eda853afe80a345cd5ab54319d8c73c591f829d,71336144614609503970303283902732009294350076811380854968193804829880275858716,52863952500234158977619878673233964521761373737485144279602680616903544794268,2026-01-03T21:20:09+00:00,0.845,False
2025_18_WAS_PHI,2025,2026-01-04T21:25:00+00:00,PHI,WAS,0x2c29b992f98bcfdb687312da18fbcfb76eec05886c9cb037043f480269a9a129,107132347771857642798507381572269047558929905728891654994841821295847715613205,106202083554984928193446704029851596749874609420737952677334723406908090139822,2026-01-03T21:20:13+00:00,0.655,False
2025_18_BAL_PIT,2025,2026-01-05T01:20:00+00:00,PIT,BAL,0x6fe48420bd2c25a2594d158487b08fbc12edd080ff8c3823566bc49fdc2e5b5c,18898625662860722295741654342399214834125581147648770057786619007292234341698,77834831581587926934025403057448077020251583959061530049128478531169875186926,2026-01-04T01:15:10+00:00,0.35,False
